{
  "chart": {
    "title": "Child mortality rate",
    "subtitle": "The estimated share of newborns who die before reaching the age of five.",
    "citation": "United Nations Inter-agency Group for Child Mortality Estimation (2024)",
    "originalChartUrl": "https://ourworldindata.org/grapher/child-mortality-igme?v=1&csvType=full&useColumnShortNames=false",
    "selection": [
      "China",
      "India",
      "Indonesia",
      "United States"
    ]
  },
  "columns": {
    "Observation value - Indicator: Under-five mortality rate - Sex: Total - Wealth quintile: Total - Unit of measure: Deaths per 100 live births": {
      "titleShort": "The estimated number of deaths of children aged under five years, per 100 live births, in",
      "titleLong": "The estimated number of deaths of children aged under five years, per 100 live births, in",
      "descriptionShort": "Population by country, available from 10,000 BCE to 2100, based on data and estimates from different sources.",
      "descriptionKey": [],
      "shortUnit": "%",
      "unit": "deaths per 100 live births",
      "timespan": "1932-2022",
      "type": "Numeric",
      "owidVariableId": 988392,
      "shortName": "obs_value__indicator_under_five_mortality_rate__sex_total__wealth_quintile_total__unit_of_measure_deaths_per_100_live_births",
      "lastUpdated": "2024-09-11",
      "citationShort": "United Nations Inter-agency Group for Child Mortality Estimation (2024) – with major processing by Our World in Data",
      "citationLong": "United Nations Inter-agency Group for Child Mortality Estimation (2024) – with major processing by Our World in Data. “The estimated number of deaths of children aged under five years, per 100 live births, in” [dataset]. United Nations Inter-agency Group for Child Mortality Estimation, “United Nations Inter-agency Group for Child Mortality Estimation”; Various sources, “Population” [original data].",
      "fullMetadata": "https://api.ourworldindata.org/v1/indicators/988392.metadata.json"
    }
  },
  "dateDownloaded": "2025-01-21",
  "activeFilters": {}
}