country_name, 1960,1961,1962,1963,1964,1965,1966,1967,1968,1969,1970,1971,1972,1973,1974,1975,1976,1977,1978,1979,1980,1981,1982,1983,1984,1985,1986,1987,1988,1989,1990,1991,1992,1993,1994,1995,1996,1997,1998,1999,2000,2001,2002,2003,2004,2005,2006,2007,2008,2009,2010,2011,2012,2013,2014,2015,2016,2017,2018,2019,2020,2021,
Australia,3101.413*,3087.781,3106.914,3161.924,3141.306,3097.332,3183.567,3149.894,3199.468,3220.999,3236.742,3221.499,3236.422,3106.868,3020.555,3094.367,3118.755,3075.032,3024.776,3011.377,3060.348,3062.411,3090.198,3025.148,3076.969,3122.051,3089.681,3120.855,3126.705,3143.150,3183.123,3130.200,3136.900,3058.129,3073.810,3119.828,3098.483,3121.687,3046.336,3050.248,3028.908,3085.823,3114.785,3144.023,3096.871,3152.658,3217.521,3261.738,3258.790,3260.649,3534.001,3514.999,3562.999,3545.999,3534.000,3520.000,3537.999,3493.999,3470.000,3504.000,3480.000,3453.999,
Zimbabwe,NaN,2088.625,2137.640,2129.010,2123.948,2133.863,2140.382,2249.516,2267.253,2219.399,2289.353,2320.297,2349.931,2339.426,2343.312,2291.075,2322.188,2348.665,2370.365,2381.049,2372.825,2241.380,2244.843,2207.678,2164.855,2127.701,2103.258,2070.220,2112.143,2116.758,2082.284,2030.184,2017.370,2017.891,2032.435,2058.043,2100.413,2129.867,2131.816,2109.893,2090.924,2143.101,2131.683,2109.397,2133.438,2105.545,2182.497,2158.027,2132.983,2182.421,2242.999,2246.999,2279.000,2248.000,2149.999,2113.001,2118.999,2046.000,2065.999,2025.001,2014.001,2048.999,
Zambia,NaN,2124.575,2116.756,2066.730,2016.492,1997.039,2125.666,2148.368,2175.534,2191.883,2190.603,2226.611,2245.667,2302.408,2318.809,2339.433,2364.104,2448.639,2324.604,2333.321,2318.177,2289.653,2188.610,2183.841,2166.615,2066.805,2088.501,2072.577,2105.897,2117.112,2122.917,2046.099,2020.983,2017.425,2057.978,2087.029,2073.066,2010.301,1972.125,2002.314,1912.739,1880.864,1869.535,1909.998,1863.824,1857.635,1808.895,1739.056,1745.516,1808.468,1949.999,1984.998,2014.000,2048.001,2099.999,2125.000,2186.000,2232.999,2261.999,2243.000,2223.001,2220.000,
Yugoslavia,2997.493*,3063.146,3204.564,3218.077,3291.578,3291.578,3385.045,3405.570,3368.778,3390.610,3393.453,3427.099,3385.211,3414.718,3569.199,3541.535,3608.086,3613.831,3574.513,3572.539,3631.342,3656.867,3619.690,3651.627,3620.839,3602.940,3700.194,3666.243,3653.438,3653.352,3687.677,3414.521,NaN,NaN,NaN,NaN,NaN,NaN,NaN,NaN,NaN,NaN,NaN,NaN,NaN,NaN,NaN,NaN,NaN,NaN,NaN,NaN,NaN,NaN,NaN,NaN,NaN,NaN,NaN,NaN,NaN,NaN,
Yemen,NaN,1645.168,1650.643,1667.773,1672.004,1685.739,1689.857,1678.228,1664.157,1673.466,1641.045,1615.474,1599.558,1607.858,1600.723,1593.676,1648.251,1703.428,1788.898,1764.923,1738.606,1748.742,1812.414,1790.487,1838.692,1796.951,1865.581,1886.205,1960.236,1922.639,1805.285,1808.392,1904.591,1915.986,1898.534,1905.305,1907.250,1928.639,1944.430,1958.977,1966.889,1947.717,1964.490,1953.580,1961.924,1977.096,1991.298,2017.018,1985.354,1998.236,2246.001,2192.000,2270.000,2264.999,2183.999,2033.999,1929.999,1996.000,1994.000,2030.000,2131.001,2173.000,
Vietnam,NaN,1923.960,1985.698,1983.180,1972.044,1979.298,1960.460,1975.008,2002.369,2024.528,2104.106,2046.302,2022.073,2058.266,2067.324,1955.709,1972.619,1895.224,1838.245,1990.476,2001.313,2073.726,2018.221,2043.922,2098.012,2075.152,2127.869,2057.302,2053.143,2050.811,1961.866,1911.501,1981.147,2088.240,2118.687,2089.132,2077.790,2041.889,2168.136,2253.626,2292.476,2354.049,2415.770,2471.664,2533.387,2521.607,2536.125,2601.830,2669.128,2690.376,2730.000,2760.001,2821.000,2809.000,2849.000,2838.000,2875.000,2897.000,2924.000,2962.000,3005.000,3048.000,
Venezuela,NaN,2007.109,1968.765,1969.555,2158.216,2128.440,2082.365,2100.280,2132.617,2188.546,2210.818,2201.414,2159.398,2166.047,2192.902,2311.812,2394.830,2540.929,2557.699,2634.275,2691.595,2741.410,2561.918,2598.773,2741.148,2621.996,2387.891,2563.613,2759.886,2296.698,2360.854,2422.136,2520.969,2399.628,2369.485,2432.317,2378.407,2281.260,2351.915,2338.855,2452.018,2507.970,2218.269,2416.402,2495.237,2495.342,2522.248,2619.398,2826.714,2883.738,2925.999,2923.000,2874.000,2838.000,2882.000,2620.000,2233.000,2292.000,2194.000,2237.999,2299.999,2310.001,
Vanuatu,NaN,2428.522,2501.878,2521.976,2469.610,2523.470,2464.929,2608.073,2507.206,2555.753,2509.823,2600.454,2558.154,2536.877,2590.764,2445.647,2353.174,2444.767,2543.356,2605.605,2538.448,2467.581,2506.779,2574.692,2685.942,2727.232,2631.763,2591.263,2507.061,2439.404,2500.656,2499.845,2492.229,2479.270,2490.980,2501.937,2589.967,2617.971,2642.265,2623.510,2598.458,2563.892,2589.341,2643.105,2636.056,2669.613,2700.351,2754.347,2754.235,2760.050,2849.837,2813.787,2771.795,2781.821,2826.874,2807.898,2806.812,2843.902,2832.933,2798.871,2801.964,2818.947,
Ukraine,NaN,NaN,NaN,NaN,NaN,NaN,NaN,NaN,NaN,NaN,NaN,NaN,NaN,NaN,NaN,NaN,NaN,NaN,NaN,NaN,NaN,NaN,NaN,NaN,NaN,NaN,NaN,NaN,NaN,NaN,NaN,NaN,3358.082,3228.011,2974.364,2885.837,2814.347,2868.373,2841.974,2792.767,2906.501,2998.734,3062.260,3064.909,3206.708,3225.285,3263.387,3276.877,3325.492,3201.898,3149.000,3194.999,3177.000,3167.000,3142.000,3076.999,3065.000,3035.000,2989.000,2943.000,2926.001,2938.000,
Uruguay,2784.535*,2805.830,2720.067,2784.734,2853.577,2767.968,2754.151,2675.659,2738.303,2887.734,2971.867,2813.483,2761.885,2724.687,2888.728,2847.780,2831.092,2661.261,2654.986,2838.166,2786.917,2833.992,2768.394,2553.572,2669.387,2638.301,2562.373,2606.486,2582.625,2487.835,2521.316,2696.096,2763.111,2751.412,2792.645,2691.101,2837.666,2832.457,2846.354,2850.877,2835.567,2891.652,2856.500,2847.672,2839.710,2815.209,2829.558,2898.120,2969.410,2991.100,3106.997,3119.008,3149.996,3155.993,3178.000,3145.000,3167.002,3188.995,3239.996,3277.998,3261.003,3282.995,
Uganda,2069.135*,2066.761,2040.415,2070.159,2045.761,2100.382,1982.907,2165.020,2181.561,2156.478,2211.070,2177.224,2226.881,2132.177,2176.173,2180.912,2224.258,2200.672,2125.043,2006.820,1932.945,2005.876,2138.742,2248.644,2121.777,2028.705,2051.670,2108.086,2181.367,2310.589,2323.159,2270.007,2218.351,2239.202,2224.124,2242.505,2145.881,2175.495,2290.366,2271.100,2291.093,2309.893,2366.293,2425.678,2404.775,2391.815,2350.179,2294.060,2267.558,2295.378,2344.001,2299.000,2309.999,2292.000,2236.000,2155.000,2026.000,2050.999,2136.999,2125.000,2159.000,2123.000,
United Arab Emirates,NaN,2009.376,2031.506,2124.989,2125.209,2173.099,2309.507,2420.201,2479.510,2329.273,2280.339,2199.552,2225.574,2897.080,2775.294,3080.828,3200.271,3211.997,3279.280,3133.341,3397.153,3367.636,3393.190,3417.483,3563.547,3394.979,3323.867,3388.750,3238.667,3211.376,2924.523,2919.395,3041.043,3083.302,3177.846,3143.099,3125.321,3096.263,3119.483,3153.196,3044.165,3010.314,2976.752,2948.961,3009.961,3106.181,3186.996,3144.964,3063.530,3061.067,2992.998,3101.996,3170.998,3212.999,3175.998,3189.997,3172.998,3218.001,3227.999,3305.000,3300.001,3306.001,
Uzbekistan,NaN,NaN,NaN,NaN,NaN,NaN,NaN,NaN,NaN,NaN,NaN,NaN,NaN,NaN,NaN,NaN,NaN,NaN,NaN,NaN,NaN,NaN,NaN,NaN,NaN,NaN,NaN,NaN,NaN,NaN,NaN,NaN,2711.182,2699.288,2689.024,2646.328,2584.612,2531.711,2490.163,2423.626,2358.827,2272.470,2267.073,2319.064,2344.007,2421.770,2500.391,2520.456,2531.078,2533.342,2915.000,2993.001,3074.999,3132.001,3203.000,3226.001,3245.001,3184.000,3211.000,3235.000,3246.000,3267.000,
United Kingdom,3280.000,3242.781,3210.504,3242.688,3226.374,3257.113,3259.256,3238.549,3235.662,3250.600,3289.184,3252.207,3175.071,3242.669,3125.779,3134.564,3180.196,3173.268,3108.495,3176.588,3125.386,3097.366,3124.746,3118.044,3132.581,3196.055,3217.781,3234.421,3256.917,3227.816,3253.155,3220.335,3283.784,3231.483,3249.673,3200.539,3285.298,3346.043,3370.222,3418.776,3380.678,3418.354,3433.571,3415.914,3457.698,3446.100,3441.014,3414.117,3412.625,3395.534,3319.999,3336.000,3314.000,3337.000,3356.000,3373.999,3359.000,3386.999,3344.000,3379.000,3374.000,3362.000,
United States,3100.000,3043.850,3017.605,3016.454,3082.405,3075.764,3109.622,3135.743,3158.982,3188.202,3173.589,3185.478,3187.629,3160.715,3149.603,3150.207,3284.688,3253.460,3268.780,3323.030,3278.208,3314.788,3285.352,3323.792,3369.124,3476.648,3448.197,3550.396,3559.093,3530.780,3583.439,3599.239,3621.437,3653.900,3704.077,3612.065,3616.973,3677.605,3687.427,3702.436,3784.192,3733.783,3808.186,3800.006,3828.944,3845.065,3798.017,3769.951,3711.645,3656.578,3729.000,3727.000,3765.000,3754.000,3742.000,3754.000,3777.000,3791.000,3824.000,3876.000,3892.000,3911.000,
Taiwan,NaN,2412.747,2353.564,2309.606,2375.015,2346.789,2353.567,2355.216,2404.065,2466.584,2529.694,2556.552,2615.700,2640.633,2691.640,2753.222,2735.199,2747.871,2762.606,2787.046,2726.561,2680.546,2669.773,2625.938,2603.784,2668.324,2701.122,2733.574,2777.294,2858.746,2896.298,2936.865,2925.708,3010.851,3019.186,3034.003,3062.844,3069.427,3024.624,3064.707,3082.499,2979.705,2975.464,2970.390,2971.519,2976.055,2943.493,2962.797,2926.485,2942.579,2960.999,2934.999,2923.999,2936.000,2940.001,2940.001,2930.999,2925.999,2951.001,2963.000,2952.000,2961.001,
Tunisia,2077.504*,2121.880,2204.237,2276.195,2290.566,2382.647,2302.493,2408.752,2393.443,2299.105,2335.811,2424.134,2560.832,2539.464,2606.095,2577.554,2521.414,2612.457,2685.763,2702.204,2830.764,2748.782,2749.171,2883.620,2933.746,2946.337,3008.272,2989.588,3033.476,3030.413,3040.010,3001.373,3035.586,3057.407,3007.746,3020.396,3092.638,3136.999,3190.314,3257.812,3139.167,3145.193,3082.080,3129.774,3139.053,3115.434,3171.984,3157.825,3212.533,3250.423,3257.999,3269.001,3288.999,3285.999,3321.999,3341.001,3333.001,3347.000,3394.000,3440.997,3468.000,3471.000,
Togo,NaN,1941.820,2075.260,2008.164,2076.732,2132.963,2102.454,2188.465,2090.346,1981.746,2013.556,2114.444,2092.994,1976.547,1856.479,1809.142,1739.403,1713.080,1809.532,1948.809,1964.448,1945.227,1902.294,1800.134,1838.004,1986.989,1812.390,1727.226,1901.010,1925.889,2043.549,1880.556,1840.024,1960.731,2086.101,2048.117,2086.399,2112.465,2074.823,2092.957,2108.990,2090.741,2092.657,2133.286,2178.516,2170.759,2209.840,2214.343,2228.351,2246.882,2413.996,2411.998,2389.002,2412.997,2426.999,2349.999,2399.997,2377.000,2364.000,2435.999,2496.999,2533.000,
Turkmenistan,NaN,NaN,NaN,NaN,NaN,NaN,NaN,NaN,NaN,NaN,NaN,NaN,NaN,NaN,NaN,NaN,NaN,NaN,NaN,NaN,NaN,NaN,NaN,NaN,NaN,NaN,NaN,NaN,NaN,NaN,NaN,NaN,2532.057,2552.614,2523.180,2515.797,2489.696,2523.889,2538.901,2572.878,2574.035,2575.974,2625.510,2678.050,2742.308,2751.165,2747.998,2804.646,2769.461,2761.968,2832.997,2807.999,2826.996,2838.001,2920.995,2920.002,2895.996,2901.996,2883.999,2851.998,2866.999,2847.000,
Timor Leste,NaN,1862.463,1877.674,1816.683,1788.060,1830.342,1911.170,1865.294,1887.574,1948.112,1866.412,1871.116,1871.688,1918.622,1922.008,1926.696,1906.849,1944.028,1953.099,1972.998,1878.979,1919.511,1957.434,1981.156,2055.819,2049.320,2057.662,2050.345,2061.044,2048.655,1799.935,1943.850,2039.956,2126.079,2122.517,2151.535,1973.688,1967.813,1792.911,1789.637,1820.068,1892.200,2038.851,2071.935,2085.301,2086.907,2086.005,2079.380,2074.663,2037.046,2183.996,2214.990,2204.994,2225.004,2280.977,2232.978,2226.986,2257.985,2205.000,2233.996,2218.986,2194.993,
Thailand,2000.014*,1998.349,2125.754,2235.462,2224.793,2121.391,2344.376,2174.168,2238.990,2250.938,2256.527,2262.607,2240.181,2341.135,2349.271,2354.221,2299.502,2253.372,2451.665,2264.956,2247.393,2272.919,2098.919,2218.077,2156.338,2125.710,2155.409,2127.654,2141.237,2118.249,2233.469,2303.674,2299.796,2276.523,2358.202,2397.085,2530.424,2506.441,2564.536,2524.422,2574.123,2554.472,2612.613,2630.214,2641.901,2709.158,2777.638,2734.967,2710.186,2672.048,2755.000,2743.000,2764.000,2733.000,2771.000,2784.999,2773.000,2762.000,2786.999,2808.999,2857.000,2856.000,
Turkey,2919.795*,2954.278,2902.586,2986.701,2972.616,2956.282,3051.250,3013.278,3022.354,2993.640,3073.039,3145.573,3204.359,3122.741,3138.582,3259.443,3339.688,3278.773,3277.500,3355.460,3431.691,3338.666,3417.567,3430.394,3420.219,3626.171,3614.343,3679.093,3710.331,3706.291,3752.128,3696.389,3677.907,3691.056,3683.423,3665.921,3633.988,3550.748,3603.097,3564.083,3608.335,3566.911,3554.161,3538.134,3559.002,3560.454,3595.894,3579.937,3546.775,3571.635,3651.000,3653.000,3690.000,3700.000,3663.000,3716.000,3681.000,3744.000,3788.000,3801.999,3830.000,3824.999,
Tanzania,1781.292*,1751.929,1764.503,1789.290,1707.445,1749.847,1827.511,1722.150,1713.302,1710.362,1711.341,1671.381,1683.473,1798.137,1876.198,2131.538,2173.283,2162.390,2142.063,2164.880,2153.623,2130.711,2165.493,2135.669,2170.041,2185.035,2184.777,2187.939,2137.619,2197.501,2126.828,2185.045,2118.190,2076.984,2046.589,1989.076,2016.369,1991.400,2061.180,2040.521,1979.245,2001.209,2077.236,1952.570,2065.410,2100.696,2108.271,2183.328,2106.295,2117.573,2229.000,2276.000,2306.000,2343.000,2355.000,2355.000,2367.000,2354.000,2336.000,2359.000,2373.000,2380.000,
Tajikistan,NaN,NaN,NaN,NaN,NaN,NaN,NaN,NaN,NaN,NaN,NaN,NaN,NaN,NaN,NaN,NaN,NaN,NaN,NaN,NaN,NaN,NaN,NaN,NaN,NaN,NaN,NaN,NaN,NaN,NaN,NaN,NaN,1996.836,2030.555,1994.677,1929.896,1878.371,1857.658,1889.801,1907.406,1931.830,1925.320,1901.105,1914.228,1939.076,2020.441,2033.059,2041.777,2067.892,2090.934,2263.999,2304.000,2321.999,2330.999,2385.999,2453.998,2520.998,2598.997,2679.000,2765.998,2760.000,2769.995,
Trinidad and Tobago,NaN,2277.919,2353.937,2354.694,2352.896,2371.178,2375.637,2326.414,2228.140,2375.079,2354.233,2415.486,2403.745,2454.235,2544.499,2483.323,2594.542,2577.656,2697.068,2691.925,2872.546,2863.912,2895.644,2917.326,2935.001,2818.698,2946.431,2848.135,2690.499,2589.945,2533.682,2571.351,2471.102,2447.663,2449.283,2491.132,2528.562,2502.525,2543.988,2548.937,2643.168,2691.146,2649.108,2607.743,2630.835,2610.905,2650.605,2691.209,2672.047,2682.451,2912.006,2969.998,2990.002,3014.998,2982.994,2982.000,2963.992,2979.988,2965.006,2952.981,2953.016,2937.979,
Serbia and Montenegro,NaN,NaN,NaN,NaN,NaN,NaN,NaN,NaN,NaN,NaN,NaN,NaN,NaN,NaN,NaN,NaN,NaN,NaN,NaN,NaN,NaN,NaN,NaN,NaN,NaN,NaN,NaN,NaN,NaN,NaN,NaN,NaN,2979.001,2905.589,2775.356,2868.131,3002.488,2953.404,2860.250,2826.319,2639.028,2584.635,2590.187,2636.218,2622.938,2612.432,NaN,NaN,NaN,NaN,NaN,NaN,NaN,NaN,NaN,NaN,NaN,NaN,NaN,NaN,NaN,NaN,
Samoa,NaN,1895.104,1912.051,1916.150,1947.970,1952.898,1951.342,2012.492,2099.383,2166.096,2225.346,2251.820,2246.681,2271.776,2304.434,2335.929,2351.769,2346.933,2321.393,2341.633,2299.501,2342.802,2363.951,2366.839,2362.264,2584.473,2495.771,2574.479,2592.898,2531.732,2500.208,2499.179,2387.111,2284.160,2339.955,2395.708,2421.820,2459.276,2506.885,2585.784,2636.098,2675.922,2671.430,2687.258,2742.821,2761.538,2733.388,2723.933,2780.433,2758.879,2874.764,2843.797,2882.840,2921.825,2978.867,2963.767,3005.722,2984.828,3036.783,3052.928,3048.943,3069.705,
Saint Thomas and Principe,NaN,2142.296,2047.948,2032.266,2063.063,2046.623,2025.901,2051.505,2054.417,2025.370,2017.809,1994.801,1976.772,1960.443,1808.444,1766.963,1860.243,1981.432,1995.727,1961.109,2009.925,2005.797,1986.884,2047.271,2049.486,2025.885,1899.879,1872.862,1942.163,2099.133,2152.283,2171.875,2138.696,2155.451,2183.304,2059.973,2112.226,2128.668,2159.641,2161.892,2300.726,2333.805,2363.932,2395.606,2406.020,2440.552,2450.154,2409.604,2380.706,2364.675,2340.820,2307.777,2328.926,2358.939,2321.871,2303.748,2350.885,2350.887,2351.800,2374.867,2415.889,2462.912,
Sri Lanka,2082.076*,2095.749,2118.012,2159.211,2263.284,2266.469,2317.154,2346.710,2344.910,2308.100,2287.633,2222.098,2180.515,2205.525,2197.464,2183.626,2195.959,2216.541,2280.389,2332.661,2297.657,2254.494,2264.803,2323.540,2307.770,2327.896,2303.636,2243.924,2259.961,2218.972,2182.102,2201.617,2166.259,2106.211,2300.076,2228.872,2245.562,2273.061,2298.880,2387.140,2323.584,2370.534,2349.332,2353.999,2377.824,2383.103,2407.961,2409.508,2463.035,2462.284,2489.001,2466.999,2534.000,2553.000,2594.001,2689.001,2754.999,2754.999,2772.000,2763.999,2846.001,2860.000,
Sudan,NaN,NaN,NaN,NaN,NaN,NaN,NaN,NaN,NaN,NaN,NaN,NaN,NaN,NaN,NaN,NaN,NaN,NaN,NaN,NaN,NaN,NaN,NaN,NaN,NaN,NaN,NaN,NaN,NaN,NaN,NaN,NaN,NaN,NaN,NaN,NaN,NaN,NaN,NaN,NaN,NaN,NaN,NaN,NaN,NaN,NaN,NaN,NaN,NaN,NaN,NaN,NaN,2589.000,2647.999,2657.000,2637.001,2608.000,2558.001,2585.000,2573.000,2621.000,2622.000,
South Sudan,NaN,NaN,NaN,NaN,NaN,NaN,NaN,NaN,NaN,NaN,NaN,NaN,NaN,NaN,NaN,NaN,NaN,NaN,NaN,NaN,NaN,NaN,NaN,NaN,NaN,NaN,NaN,NaN,NaN,NaN,NaN,NaN,NaN,NaN,NaN,NaN,NaN,NaN,NaN,NaN,NaN,NaN,NaN,NaN,NaN,NaN,NaN,NaN,NaN,NaN,NaN,NaN,NaN,NaN,NaN,NaN,NaN,NaN,NaN,2340.999,2376.001,2413.998,
Senegal,NaN,2221.249,2240.890,2544.802,2457.244,2426.939,2349.880,2353.820,2285.564,2274.409,2118.779,2114.258,2085.447,2167.569,2194.563,2139.849,2139.560,2005.753,2028.089,2134.135,2130.405,2373.903,2322.512,2159.224,2273.134,2392.267,2296.780,2084.562,2090.712,2093.415,2230.468,2238.759,2112.358,2237.447,2164.064,2186.910,2130.009,2140.264,2135.772,2185.914,2199.168,2213.589,2188.025,2274.023,2304.585,2297.528,2375.549,2411.086,2514.200,2524.619,2475.999,2461.000,2493.998,2450.000,2474.999,2506.998,2571.001,2612.999,2646.000,2704.999,2787.000,2792.999,
Suriname,NaN,2047.580,2052.005,2083.591,2320.266,2248.958,2179.800,2227.745,2239.240,2281.325,2179.550,2114.035,2086.692,2073.355,2072.521,2060.693,2095.501,2141.393,2186.530,2206.212,2345.535,2254.541,2277.433,2404.769,2576.413,2542.398,2411.958,2466.086,2429.467,2423.269,2410.840,2528.705,2503.827,2551.725,2533.308,2556.814,2574.283,2516.504,2518.977,2435.570,2481.185,2431.951,2476.124,2473.735,2468.920,2531.827,2546.113,2579.182,2551.181,2634.686,2685.976,2639.981,2666.995,2699.990,2704.967,2655.009,2638.946,2636.973,2660.959,2693.977,2674.009,2634.004,
Switzerland,3506.073*,3548.579,3438.494,3359.153,3409.842,3429.091,3442.076,3302.811,3416.113,3414.823,3491.078,3455.606,3526.973,3541.040,3413.882,3236.026,3342.837,3527.466,3473.235,3407.925,3503.599,3501.102,3453.792,3432.706,3399.514,3400.715,3421.454,3432.927,3427.698,3407.476,3421.679,3322.693,3390.549,3335.670,3316.967,3300.979,3335.420,3319.408,3329.703,3321.580,3432.311,3369.046,3419.719,3412.464,3395.288,3377.140,3435.207,3438.495,3451.635,3468.852,3425.998,3466.997,3378.001,3388.000,3409.999,3385.998,3349.999,3371.001,3388.999,3408.999,3452.001,3402.001,
Sierra Leone,NaN,1698.039,1723.670,1827.212,1838.022,1987.125,2067.360,2106.622,2068.113,2074.779,2094.994,2063.736,2038.834,2004.818,1973.847,1992.107,1962.216,1996.430,1992.107,1983.719,2011.411,2001.661,1997.156,1886.585,1864.933,1885.951,1912.654,1926.558,1883.561,1887.455,1822.691,1843.125,1891.534,1893.445,1938.011,1939.820,1962.984,1964.431,1916.904,1863.191,1797.222,1764.532,1787.543,1789.752,1802.581,1875.630,1958.862,2000.735,1995.416,2028.467,2376.001,2392.000,2379.999,2365.998,2317.997,2400.997,2310.998,2345.000,2348.998,2296.000,2312.999,2335.999,
Slovakia,NaN,NaN,NaN,NaN,NaN,NaN,NaN,NaN,NaN,NaN,NaN,NaN,NaN,NaN,NaN,NaN,NaN,NaN,NaN,NaN,NaN,NaN,NaN,NaN,NaN,NaN,NaN,NaN,NaN,NaN,NaN,NaN,NaN,2796.887,2985.800,2841.889,2913.436,2911.128,2946.066,2889.106,2783.838,2790.979,2806.665,2796.551,2823.849,2848.794,2843.411,2808.348,2881.753,2918.402,2817.996,2805.997,2758.998,2853.998,2827.999,2732.995,2852.998,2880.001,2903.002,3024.993,3010.999,2973.999,
Serbia,NaN,NaN,NaN,NaN,NaN,NaN,NaN,NaN,NaN,NaN,NaN,NaN,NaN,NaN,NaN,NaN,NaN,NaN,NaN,NaN,NaN,NaN,NaN,NaN,NaN,NaN,NaN,NaN,NaN,NaN,NaN,NaN,NaN,NaN,NaN,NaN,NaN,NaN,NaN,NaN,NaN,NaN,NaN,NaN,NaN,NaN,3488.836,3436.674,3440.389,3483.011,3219.001,3277.998,3289.997,3338.003,3289.998,3334.999,3322.001,3334.999,3386.998,3463.002,3519.000,3578.999,
Syria,NaN,NaN,NaN,NaN,NaN,NaN,NaN,NaN,NaN,NaN,NaN,NaN,NaN,NaN,NaN,NaN,NaN,NaN,NaN,NaN,NaN,NaN,NaN,NaN,NaN,NaN,NaN,NaN,NaN,NaN,NaN,NaN,NaN,NaN,NaN,NaN,NaN,NaN,NaN,NaN,NaN,NaN,NaN,NaN,NaN,NaN,NaN,NaN,NaN,NaN,3109.000,3076.999,2958.000,2904.999,2873.000,2830.000,2716.000,2657.000,2557.999,2518.000,2456.000,2463.000,
Slovenia,NaN,NaN,NaN,NaN,NaN,NaN,NaN,NaN,NaN,NaN,NaN,NaN,NaN,NaN,NaN,NaN,NaN,NaN,NaN,NaN,NaN,NaN,NaN,NaN,NaN,NaN,NaN,NaN,NaN,NaN,NaN,NaN,2606.166,2792.610,2845.057,2908.292,3046.973,2925.778,2846.020,3066.219,3064.718,3066.575,3090.677,3115.483,3155.262,3063.678,3112.908,3137.982,3152.839,3176.548,3220.994,3204.989,3195.977,3206.009,3236.995,3196.992,3183.000,3203.991,3193.983,3147.992,3127.988,3096.003,
South Africa,2784.036*,2806.289,2737.339,2840.961,2861.467,2957.560,2832.592,2760.385,2794.418,2821.541,2833.963,2796.142,2863.523,2902.296,2871.869,2888.126,2837.402,2821.171,2822.518,2785.004,2824.452,2793.210,2873.381,2798.447,2794.136,2821.143,2728.403,2791.822,2705.002,2629.338,2611.097,2594.569,2587.726,2644.301,2649.262,2646.516,2642.144,2667.176,2704.553,2702.394,2764.719,2803.263,2816.157,2853.800,2879.266,2904.896,2893.126,2897.041,2906.721,2919.890,2865.000,2869.001,2894.000,2878.001,2845.000,2808.000,2820.000,2847.000,2846.001,2827.000,2817.000,2776.000,
South Korea,NaN,2081.071,2119.835,2147.639,2189.131,2303.208,2371.945,2431.332,2524.283,2628.171,2715.444,2794.463,2868.365,2949.944,2921.812,3000.737,3058.023,3019.062,3094.108,3071.403,2967.980,2917.404,2883.997,2895.099,2943.587,2898.704,2942.276,3014.611,3020.928,2992.019,2879.082,2875.506,2935.030,2897.854,2926.637,2972.708,3011.804,3024.415,2931.934,3044.193,3040.332,3023.930,3020.666,2998.017,3037.874,3046.516,3063.868,3096.843,3152.058,3175.113,3327.000,3332.000,3287.999,3294.000,3327.000,3325.000,3325.000,3377.000,3387.000,3382.000,3378.000,3398.000,
Saudi Arabia,NaN,1675.907,1707.784,1743.079,1766.008,1798.845,1790.370,1807.581,1798.628,1780.477,1793.304,1795.264,1660.891,1575.086,1569.136,1674.113,1786.781,1989.813,2199.778,2517.422,2781.123,2846.544,2896.701,2959.609,2778.358,2776.262,2677.619,2644.773,2875.032,2804.822,2903.048,2879.746,2777.209,2728.407,2677.905,2800.454,2828.616,2845.043,2836.044,2868.952,2908.523,2913.500,2914.385,2964.235,2981.159,3026.840,3043.696,2990.149,2896.312,2828.821,2908.000,2879.999,3027.999,3016.000,3148.999,3202.001,3237.000,3219.000,3215.000,3219.999,3252.000,3250.000,
Sweden,2861.985*,2841.484,2813.535,2805.184,2890.681,2853.560,2869.126,2854.776,2822.724,2809.730,2881.625,2910.821,2863.510,2858.162,2877.491,2920.803,2999.783,2962.087,2931.703,2967.629,2990.726,2962.618,2974.665,2974.600,3040.398,2963.191,2963.047,2890.754,2947.120,2979.357,2976.684,2949.815,3066.329,3156.724,3110.190,3112.153,3060.968,3104.921,3074.231,3120.322,3099.335,3120.928,3127.731,3117.200,3138.870,3114.502,3086.001,3087.222,3129.938,3128.886,3205.003,3218.002,3221.002,3216.998,3241.001,3214.002,3214.999,3203.000,3173.000,3240.999,3265.001,3268.001,
Saint Kitts and Nevis,NaN,1556.415,1639.759,1701.281,1767.179,1818.337,1855.365,1910.934,1965.434,1994.194,2077.416,2000.493,2154.601,2164.065,2279.958,2215.633,2221.918,2246.143,2279.630,2302.046,2361.574,2275.535,2289.798,2353.415,2430.734,2612.426,2636.650,2642.557,2702.523,2633.037,2518.702,2545.190,2510.654,2438.775,2430.322,2517.827,2507.004,2432.637,2385.123,2391.867,2542.073,2538.283,2552.670,2544.860,2539.977,2521.689,2587.420,2608.529,2716.469,2739.040,2622.396,2577.646,2634.675,2665.717,2676.544,2744.622,2831.578,2910.721,2869.378,2829.280,2880.428,2866.736,
Saint Lucia,NaN,1655.562,1712.690,1665.876,1762.101,1728.241,1802.388,1781.037,1829.379,1861.891,1920.472,2030.907,1951.274,1916.651,1893.847,1871.295,1906.995,2092.593,2170.440,2190.291,2118.454,2189.318,2173.452,2160.196,2277.067,2302.297,2356.675,2394.146,2326.805,2375.893,2421.291,2491.701,2605.656,2598.802,2626.051,2574.970,2585.549,2656.330,2617.752,2652.017,2666.322,2583.821,2646.990,2622.838,2628.808,2646.680,2655.085,2627.265,2621.927,2661.703,2593.848,2618.893,2597.715,2565.823,2608.791,2601.733,2618.718,2651.776,2650.940,2668.791,2644.926,2648.808,
Solomon Islands,NaN,1948.631,1956.982,1976.022,2068.524,2023.682,2059.744,2097.606,2082.800,2082.767,2114.215,2081.531,2095.327,2096.234,2158.413,2130.301,2141.085,2165.331,2156.878,2218.159,2177.725,2133.576,2211.790,2189.974,2190.030,2200.899,2171.365,2161.345,2142.354,2112.327,2031.661,2090.595,2088.832,2068.865,2190.645,2278.208,2204.916,2302.630,2281.802,2210.444,2254.576,2228.777,2308.302,2329.474,2331.762,2359.114,2396.042,2359.460,2422.279,2393.311,2430.946,2420.969,2391.954,2363.004,2359.976,2389.961,2394.962,2415.959,2412.967,2400.964,2351.973,2345.983,
Saint Vincent and Grenadines,NaN,1731.242,1885.542,1757.461,1856.340,1886.052,1974.380,1932.417,1990.478,2031.663,2057.211,2094.356,2114.230,2083.950,1980.897,2048.490,2079.359,2105.519,2078.728,2204.947,2239.872,2311.046,2263.880,2259.052,2278.982,2265.170,2269.537,2278.561,2265.081,2199.361,2237.621,2266.236,2245.172,2335.079,2207.099,2200.916,2200.611,2186.648,2246.512,2337.921,2370.019,2350.945,2529.956,2563.495,2624.803,2705.156,2738.620,2785.088,2833.350,2850.717,2925.625,2945.404,2966.314,2994.470,2993.328,3029.630,2988.690,2993.490,2988.517,2960.436,2928.608,2950.717,
Seychelles,NaN,NaN,NaN,NaN,NaN,NaN,NaN,NaN,NaN,NaN,NaN,NaN,NaN,NaN,NaN,NaN,NaN,NaN,NaN,NaN,NaN,NaN,NaN,NaN,NaN,NaN,NaN,NaN,NaN,NaN,NaN,NaN,NaN,NaN,NaN,NaN,NaN,NaN,NaN,NaN,NaN,NaN,NaN,NaN,NaN,NaN,NaN,NaN,NaN,NaN,2912.559,2859.634,2884.727,2872.406,2922.523,2972.401,3034.668,3083.455,3101.398,3131.520,3181.548,3186.521,
Spain,2639.316*,2661.176,2789.919,2698.787,2594.908,2657.164,2711.891,2740.804,2747.470,2638.882,2731.273,2762.860,2837.352,2848.307,3077.576,3082.152,3047.729,3004.006,3002.720,3049.495,3116.111,2981.712,3069.907,3045.338,3036.481,3110.006,3097.293,3147.840,3204.549,3236.720,3259.423,3407.896,3394.382,3289.242,3278.006,3185.200,3316.505,3254.660,3284.719,3281.931,3322.175,3314.965,3348.419,3280.272,3227.135,3198.007,3199.045,3181.558,3157.504,3162.575,3199.999,3220.000,3213.999,3238.000,3193.000,3220.000,3299.000,3319.000,3369.000,3372.000,3377.000,3390.000,
Romania,NaN,2826.540,2862.926,2894.169,2901.477,2955.569,3005.672,3008.911,3037.189,3076.719,2921.830,3038.625,3095.810,3127.347,3199.286,3108.835,3269.591,3252.216,3291.289,3229.949,3195.195,3177.561,3010.240,3039.248,3118.819,3080.125,2993.109,2962.620,2987.341,2989.062,3200.363,2987.688,2896.302,3062.760,2989.305,3084.880,3113.817,3104.415,3128.188,3143.349,3208.079,3315.142,3410.425,3477.893,3490.860,3560.345,3619.565,3581.912,3627.861,3617.848,3374.000,3404.999,3355.001,3418.000,3472.001,3531.001,3577.000,3594.999,3620.000,3646.000,3637.000,3665.001,
Rwanda,NaN,1760.234,1904.597,1825.057,1841.795,1862.385,1997.747,2190.740,2099.626,2181.005,2205.949,2173.181,2097.204,2099.396,2058.390,2218.227,2266.358,2292.296,2279.040,2319.805,2309.148,2310.360,2294.752,2266.067,2167.568,2252.348,2131.451,2079.593,1959.593,1986.555,1792.915,1817.640,1616.334,1487.197,1584.147,1806.696,1563.847,1454.273,1575.386,1705.003,1922.489,2036.627,2247.990,2134.514,2072.501,2127.880,2130.197,2140.271,2195.719,2302.319,2122.000,2125.999,2140.000,2145.999,2143.000,2163.999,2193.000,2231.999,2198.000,2198.000,2220.999,2268.000,
Russia,NaN,NaN,NaN,NaN,NaN,NaN,NaN,NaN,NaN,NaN,NaN,NaN,NaN,NaN,NaN,NaN,NaN,NaN,NaN,NaN,NaN,NaN,NaN,NaN,NaN,NaN,NaN,NaN,NaN,NaN,NaN,NaN,2926.424,2970.916,2916.723,2893.867,2789.662,2858.703,2863.839,2887.816,2875.396,2952.677,3023.564,3062.590,3112.512,3206.962,3255.525,3321.354,3325.667,3285.033,3297.000,3323.000,3343.000,3321.000,3358.000,3311.000,3325.000,3353.000,3353.000,3347.000,3369.000,3382.000,
Qatar,NaN,NaN,NaN,NaN,NaN,NaN,NaN,NaN,NaN,NaN,NaN,NaN,NaN,NaN,NaN,NaN,NaN,NaN,NaN,NaN,NaN,NaN,NaN,NaN,NaN,NaN,NaN,NaN,NaN,NaN,NaN,NaN,NaN,NaN,NaN,NaN,NaN,NaN,NaN,NaN,NaN,NaN,NaN,NaN,NaN,NaN,NaN,NaN,NaN,NaN,NaN,NaN,NaN,NaN,NaN,NaN,NaN,NaN,NaN,3480.998,3507.000,3496.001,
Paraguay,NaN,2153.455,2175.392,2175.981,2283.463,2386.166,2382.723,2385.986,2463.656,2485.624,2532.673,2531.719,2512.243,2530.119,2548.801,2457.128,2540.481,2626.732,2681.628,2618.926,2635.950,2555.916,2628.239,2650.899,2612.559,2726.006,2645.458,2652.434,2618.968,2664.858,2532.705,2500.093,2491.057,2552.540,2659.492,2646.150,2657.386,2711.468,2705.433,2752.388,2702.243,2766.368,2823.166,2899.770,2844.987,2797.373,2848.459,2818.083,2800.323,2813.677,3063.996,3107.001,3045.996,3109.997,3124.997,3085.998,3059.999,3093.997,3103.997,3096.001,3107.995,3124.999,
Poland,3233.480*,3284.186,3288.794,3308.169,3321.533,3376.058,3397.184,3391.946,3405.418,3418.398,3437.702,3447.372,3486.945,3520.429,3529.061,3550.612,3598.362,3586.706,3594.490,3597.275,3589.041,3375.025,3293.900,3370.677,3350.448,3369.565,3433.980,3460.291,3480.975,3497.183,3354.540,3295.548,3368.971,3433.196,3307.012,3326.745,3346.836,3321.603,3382.314,3387.092,3405.376,3390.220,3396.484,3388.090,3347.507,3337.684,3322.279,3334.932,3317.086,3385.971,3369.999,3397.000,3377.000,3324.000,3344.999,3305.000,3381.000,3427.999,3464.000,3477.000,3524.000,3554.001,
Pakistan,NaN,1868.511,1936.947,1956.393,2101.803,2205.966,2111.559,2113.150,2064.169,2374.453,2369.523,2290.577,2353.845,2334.485,2334.629,2245.923,2263.226,2276.692,2346.497,2290.657,2188.487,2147.106,2193.943,2178.433,2197.391,2135.316,2123.224,2173.204,2117.468,2295.999,2254.276,2131.189,2228.406,2251.527,2290.496,2273.649,2280.632,2270.568,2235.120,2274.532,2234.303,2132.510,2067.587,2111.709,2127.490,2137.117,2151.498,2180.606,2175.492,2173.108,2373.000,2386.000,2379.000,2371.000,2431.000,2420.000,2462.000,2486.000,2483.000,2449.000,2484.000,2485.000,
Peru,2083.539*,2072.251,2089.347,1932.819,2109.532,2065.520,2082.746,2060.956,2013.074,2242.119,2132.624,2180.876,2111.781,2057.147,2078.011,2148.679,2093.652,2040.423,1895.399,2030.658,2021.934,2156.805,2136.009,2164.414,1962.947,2035.892,2206.984,2211.219,2220.515,2113.437,1991.170,2144.282,2101.149,2120.326,2162.561,2156.061,2224.580,2268.351,2204.544,2217.480,2307.908,2266.740,2285.317,2232.615,2255.674,2371.705,2402.989,2437.562,2509.206,2555.347,2579.999,2590.000,2653.000,2682.000,2715.999,2740.999,2734.000,2743.000,2766.999,2803.999,2822.999,2797.001,
Panama,NaN,2117.591,2038.404,2162.938,2161.086,2117.548,2179.675,2235.665,2256.113,2361.792,2203.157,2333.223,2134.312,2210.182,2398.935,2394.095,2103.649,2387.099,2153.463,2126.038,2137.457,2285.142,2324.842,2357.296,2369.514,2510.393,2553.302,2282.999,2227.804,2211.111,2272.845,2233.506,2336.911,2374.549,2378.883,2259.544,2287.258,2210.630,2428.597,2247.186,2169.830,2306.694,2388.851,2409.139,2291.409,2376.449,2389.099,2507.655,2564.661,2560.116,2688.999,2753.993,2796.992,2793.002,2792.996,2801.999,2838.001,2878.992,3043.001,3053.994,3015.006,3036.004,
Papua New Guinea,NaN,NaN,NaN,NaN,NaN,NaN,NaN,NaN,NaN,NaN,NaN,NaN,NaN,NaN,NaN,NaN,NaN,NaN,NaN,NaN,NaN,NaN,NaN,NaN,NaN,NaN,NaN,NaN,NaN,NaN,NaN,NaN,NaN,NaN,NaN,NaN,NaN,NaN,NaN,NaN,NaN,NaN,NaN,NaN,NaN,NaN,NaN,NaN,NaN,NaN,2124.000,2154.001,2188.001,2204.999,2228.998,2187.999,2203.999,2212.999,2193.999,2194.999,2234.000,2204.001,
Philippines,1663.396*,1655.196,1607.443,1680.559,1701.030,1767.774,1739.674,1768.517,1753.319,1766.238,1732.118,1761.948,1827.377,1810.033,1912.076,1956.947,2013.006,2074.732,2117.727,2129.021,2225.045,2177.933,2165.351,2013.005,2115.317,2090.237,2111.731,2138.785,2144.046,2223.403,2271.303,2229.321,2261.780,2221.484,2326.700,2300.785,2371.998,2345.003,2288.956,2351.851,2382.604,2363.222,2383.238,2381.261,2450.049,2459.384,2498.704,2550.333,2558.053,2565.379,2454.000,2466.000,2503.000,2502.000,2522.000,2566.000,2638.000,2670.000,2755.000,2816.000,2796.000,2833.000,
Portugal,2454.072*,2476.578,2577.342,2684.903,2552.990,2831.785,2762.921,2919.500,2941.335,3026.731,3000.284,3031.078,2987.410,2972.354,3041.398,3021.504,3000.425,2974.590,2822.382,2761.808,2780.234,2771.588,2816.893,2829.487,2856.397,2987.298,3130.724,3287.129,3289.706,3315.016,3366.157,3406.194,3396.898,3463.081,3500.109,3471.731,3525.546,3405.207,3523.019,3571.657,3545.847,3530.900,3522.171,3511.447,3527.082,3526.868,3518.680,3526.810,3534.334,3503.576,3511.000,3491.003,3461.002,3441.998,3401.997,3464.001,3405.000,3434.001,3466.999,3485.000,3506.001,3525.997,
Oman,NaN,NaN,NaN,NaN,NaN,NaN,NaN,NaN,NaN,NaN,NaN,NaN,NaN,NaN,NaN,NaN,NaN,NaN,NaN,NaN,NaN,NaN,NaN,NaN,NaN,NaN,NaN,NaN,NaN,NaN,2352.111,2320.452,2386.651,2287.801,2369.276,2342.778,2362.130,2287.026,2422.669,2467.277,2423.818,2530.673,2521.488,2584.904,2658.756,2725.346,2761.890,2794.179,2880.665,2987.251,3175.994,3057.988,3036.996,3042.994,3055.999,3049.997,2986.993,3059.998,3075.000,3084.001,3084.996,3045.998,
Nauru,NaN,NaN,NaN,NaN,NaN,NaN,NaN,NaN,NaN,NaN,NaN,NaN,NaN,NaN,NaN,NaN,NaN,NaN,NaN,NaN,NaN,NaN,NaN,NaN,NaN,NaN,NaN,NaN,NaN,NaN,NaN,NaN,NaN,NaN,NaN,NaN,NaN,NaN,NaN,NaN,NaN,NaN,NaN,NaN,NaN,NaN,NaN,NaN,NaN,NaN,NaN,NaN,NaN,NaN,NaN,NaN,NaN,NaN,NaN,2985.601,3018.888,3028.432,
Nepal,NaN,1645.946,1648.133,1644.064,1656.956,1640.105,1615.426,1599.613,1642.302,1653.781,1640.284,1621.897,1595.847,1635.555,1627.460,1559.248,1620.609,1640.759,1673.651,1609.461,1623.799,1661.671,1618.981,1758.978,1773.707,1789.219,1741.803,1895.571,2075.197,2143.385,2017.306,2047.769,2050.302,2008.765,2074.189,2067.415,2053.674,2116.338,2099.313,2168.143,2130.592,2157.342,2168.418,2233.637,2275.223,2315.096,2298.643,2359.563,2431.408,2487.831,2530.000,2567.000,2618.999,2647.000,2678.000,2711.000,2804.000,2829.001,2811.999,2845.000,2900.001,2945.000,
New Zealand,2943.153*,2916.832,2951.904,2941.503,2946.123,2954.399,3068.340,2975.671,2951.146,2950.988,2953.739,3027.277,3060.561,3095.688,3093.197,3121.411,3215.536,3095.985,3109.785,3044.655,3062.838,3067.244,3081.166,2966.466,3062.015,3021.592,3160.959,3173.070,3140.011,3101.140,3257.587,3163.315,3161.316,3221.104,3169.843,3208.961,3189.168,3202.639,3186.220,3173.286,3175.250,3130.954,3131.606,3120.820,3155.132,3183.938,3154.780,3192.677,3218.365,3158.698,3142.996,3256.997,3229.996,3297.999,3235.994,3206.999,3181.995,3166.998,3190.001,3129.998,3149.000,3128.000,
Namibia,NaN,2265.146,2319.290,2322.413,2328.329,2335.863,2327.728,2319.663,2305.881,2300.201,2270.294,2284.702,2265.196,2257.965,2242.107,2213.893,2221.612,2245.456,2277.983,2313.575,2339.454,2342.565,2326.284,2286.348,2275.309,2216.410,2217.336,2292.982,2284.237,2151.266,2130.227,2141.591,2106.786,2066.141,2057.919,2094.568,2104.802,2161.618,2153.075,2260.839,2343.354,2364.334,2296.478,2323.918,2342.370,2316.278,2304.573,2294.644,2195.338,2136.857,2216.995,2259.997,2366.996,2401.992,2395.992,2455.990,2483.999,2506.990,2522.998,2574.992,2574.001,2564.000,
North Macedonia,NaN,NaN,NaN,NaN,NaN,NaN,NaN,NaN,NaN,NaN,NaN,NaN,NaN,NaN,NaN,NaN,NaN,NaN,NaN,NaN,NaN,NaN,NaN,NaN,NaN,NaN,NaN,NaN,NaN,NaN,NaN,NaN,2333.698,2295.244,2668.759,2559.913,2559.083,2751.096,2869.222,2808.108,2768.973,2645.874,2734.209,2754.036,2886.002,2795.157,2844.550,3036.557,2978.121,3013.072,2976.003,2926.986,2947.992,2972.000,2927.996,2979.993,2998.008,2984.997,3030.990,3082.007,3125.988,3164.002,
Niger,NaN,1532.445,1539.212,1557.508,1594.506,1741.257,1740.115,1814.355,1934.447,1877.727,1851.308,1968.180,1831.408,1893.038,1897.785,1908.927,1982.942,2006.022,2015.812,2015.748,2051.717,2047.640,2087.804,2090.064,2036.571,1979.516,1944.523,1976.524,1997.420,2000.434,2110.184,1937.355,1918.108,1895.171,1855.565,1923.274,1964.593,2039.607,2057.332,2091.564,2201.277,2217.362,2190.456,2280.624,2332.269,2325.599,2325.525,2345.221,2403.062,2407.387,2540.999,2454.999,2497.000,2502.999,2501.000,2561.998,2590.999,2564.999,2641.000,2595.999,2643.999,2538.000,
Nigeria,NaN,1959.249,2038.814,1996.671,1963.526,1890.788,1745.736,1844.738,1839.778,1965.854,2013.182,1886.236,1673.639,1788.157,1900.478,1856.877,1774.852,1801.317,1808.865,1757.315,1878.024,1894.877,1884.289,1734.209,1762.428,1870.060,2015.344,1980.261,2027.437,2112.885,2201.272,2348.569,2443.960,2533.075,2507.038,2566.619,2560.833,2603.290,2634.979,2636.001,2610.532,2609.941,2597.802,2596.837,2640.287,2687.581,2705.841,2699.695,2702.012,2662.188,2572.000,2560.000,2546.000,2521.000,2576.000,2568.000,2558.000,2556.000,2532.000,2540.000,2509.000,2503.000,
Nicaragua,NaN,1894.846,1929.221,1941.860,1994.127,1993.606,2022.167,2055.722,2101.012,2046.042,2031.106,2004.290,1956.965,2009.474,1971.159,1992.651,2004.601,2053.048,1982.554,1924.678,1995.271,2101.280,1980.362,2031.572,2110.808,2133.501,2162.507,2097.129,2074.604,2041.886,1697.159,1763.420,1750.657,1817.675,1898.561,1938.811,1953.256,1937.237,2052.389,2067.108,2123.748,2294.014,2286.636,2316.794,2359.904,2400.141,2409.902,2465.950,2458.433,2461.151,2487.998,2517.998,2527.002,2515.001,2493.000,2496.996,2572.997,2599.998,2575.999,2609.000,2625.000,2653.998,
Netherlands,3006.790*,3018.390,3017.397,3038.060,2982.455,2955.802,3017.900,3060.320,3022.355,3027.585,3006.511,2996.245,3033.406,3088.522,3125.793,2959.859,3052.618,3086.490,3069.524,3101.519,3093.473,3012.871,3076.137,3067.567,3099.220,3110.290,3119.576,3140.610,3201.645,3139.853,3268.028,3332.093,3304.128,3314.265,3229.363,3358.192,3368.872,3265.368,3353.603,3274.801,3256.963,3247.560,3245.956,3142.251,3201.928,3238.981,3222.904,3247.223,3236.477,3217.819,3223.000,3225.000,3237.001,3233.999,3244.000,3274.000,3256.999,3272.999,3317.999,3468.000,3475.000,3464.001,
North Korea,NaN,1839.499,1857.725,1951.640,2016.981,1872.729,1928.211,1827.167,1842.766,2007.523,1990.915,2019.342,2011.830,2079.997,1995.363,2069.014,2179.929,2136.770,2132.823,2266.902,2119.591,2218.917,1942.548,1967.345,2009.443,2011.357,2115.503,2115.748,2065.239,2165.690,2301.004,2300.093,2159.611,2212.546,2182.372,2044.610,2025.058,2078.209,2067.694,2060.803,2098.573,2054.145,2145.962,2158.376,2177.451,2153.951,2117.522,2087.828,2075.732,2070.204,2079.000,2090.000,2098.000,2077.000,2098.999,2069.000,2051.999,2065.000,2004.000,2067.000,2030.000,1982.000,
Norway,2930.000,2783.773,2928.888,2802.152,2860.252,2900.382,2993.736,2950.510,3026.969,2998.809,3014.350,3045.628,3084.963,3085.451,2981.966,2967.910,3184.958,3166.930,3220.773,3261.874,3346.723,3329.049,3146.687,3157.428,3195.183,3194.427,3232.310,3302.234,3116.835,3182.666,3154.782,3222.086,3218.579,3220.403,3274.926,3224.498,3314.392,3334.793,3408.393,3420.951,3378.599,3418.743,3457.906,3433.110,3473.756,3520.235,3451.855,3472.398,3484.816,3475.891,3566.995,3558.996,3577.001,3560.002,3516.996,3457.002,3415.999,3415.996,3485.999,3531.997,3532.002,3508.999,
Macau,NaN,2614.893,2561.477,2555.452,2574.914,2323.320,2180.518,2026.399,1957.543,1883.118,1895.002,1881.783,2031.559,2120.183,2140.615,2133.186,2232.919,2340.831,2412.496,2614.882,2783.479,2920.159,3018.746,3059.554,2866.644,2808.642,2797.048,2703.588,2722.262,2854.421,2914.002,2843.921,2765.133,2774.840,2659.801,2737.278,2678.597,2590.836,2507.304,2472.968,2474.550,2511.526,2543.490,2580.971,2664.025,2716.275,2704.764,2743.693,2729.892,2729.074,2959.963,3074.925,3060.968,3103.937,3214.037,3199.984,3183.980,3199.990,3211.970,3193.952,2933.970,2923.974,
Madagascar,2413.197*,2439.289,2406.442,2460.232,2512.751,2485.063,2438.393,2465.821,2519.826,2524.150,2480.949,2545.700,2496.415,2459.908,2511.970,2495.287,2540.453,2419.848,2405.976,2361.841,2371.460,2377.627,2197.425,2345.077,2319.133,2308.734,2305.137,2220.161,2120.895,2128.188,2128.906,2037.531,2039.249,2035.453,1973.063,1966.181,1957.734,1958.505,1952.160,1946.335,1947.683,1936.505,1893.162,1923.537,1927.082,2004.952,2026.561,2037.726,2002.065,2004.265,2137.000,2152.000,2143.000,2093.999,2092.000,2059.000,2048.000,2028.000,2021.000,1995.000,1982.000,1979.000,
Moldova,NaN,NaN,NaN,NaN,NaN,NaN,NaN,NaN,NaN,NaN,NaN,NaN,NaN,NaN,NaN,NaN,NaN,NaN,NaN,NaN,NaN,NaN,NaN,NaN,NaN,NaN,NaN,NaN,NaN,NaN,NaN,NaN,2411.182,2414.492,2376.775,2423.719,2381.449,2386.244,2387.615,2402.637,2414.990,2429.122,2458.350,2431.441,2442.279,2471.241,2539.068,2609.193,2659.716,2590.423,2298.412,2332.237,2321.931,2356.080,2347.473,2383.000,2428.432,2480.334,2536.868,2530.189,2485.265,2532.637,
Mali,NaN,1562.638,1610.326,1667.573,1616.249,1593.510,1594.958,1629.577,1734.901,1615.570,1826.196,1586.763,1555.149,1532.933,1655.699,1725.664,1697.200,1618.519,1528.075,1614.782,1532.885,1461.090,1633.525,1576.603,1665.631,1896.548,1995.382,1979.346,2116.773,2109.440,2136.784,2113.594,2105.206,2106.251,2102.311,2120.155,2159.889,2155.580,2219.395,2239.959,2237.697,2281.511,2274.450,2291.787,2305.162,2340.084,2401.226,2460.079,2507.314,2553.478,2750.999,2757.999,2772.000,2769.999,2730.998,2731.000,2747.000,2761.999,2750.999,2789.999,2809.999,2733.999,
Montenegro,NaN,NaN,NaN,NaN,NaN,NaN,NaN,NaN,NaN,NaN,NaN,NaN,NaN,NaN,NaN,NaN,NaN,NaN,NaN,NaN,NaN,NaN,NaN,NaN,NaN,NaN,NaN,NaN,NaN,NaN,NaN,NaN,NaN,NaN,NaN,NaN,NaN,NaN,NaN,NaN,NaN,NaN,NaN,NaN,NaN,NaN,3195.461,3335.804,3413.212,3419.673,3367.957,3411.940,3287.984,3324.995,3303.943,3363.005,3419.979,3450.973,3460.006,3462.984,3481.956,3556.023,
Mongolia,NaN,1960.109,1885.018,1971.874,2132.432,2206.050,2229.632,2205.612,2117.921,2143.672,2187.541,2142.457,2138.219,2176.717,2164.273,2179.611,2276.885,2216.072,2298.006,2325.811,2334.245,2322.657,2327.016,2373.378,2333.184,2236.613,2313.122,2255.752,2299.851,2274.422,2281.568,2205.825,1857.205,1846.034,1835.493,2004.787,2004.364,1992.946,2056.101,2088.845,2129.047,2170.806,2181.895,2179.112,2193.136,2224.602,2268.282,2332.430,2374.192,2455.855,2438.994,2532.994,2587.996,2567.991,2605.995,2700.995,2731.992,2659.998,2852.996,2856.996,2948.000,3051.998,
Malawi,NaN,1957.092,1957.278,2048.646,2157.904,2190.553,2171.752,2131.401,2201.677,2185.465,2298.719,2363.262,2338.763,2409.812,2408.027,2386.569,2388.775,2368.519,2338.213,2272.959,2211.232,2220.810,2186.865,2056.973,1963.486,1982.728,1958.244,1960.875,1981.159,1930.183,1894.417,1879.225,1736.576,1795.424,1848.503,1974.511,1986.184,2035.735,2109.600,2186.753,2221.982,2259.136,2199.276,2195.088,2193.514,2220.089,2301.810,2330.131,2359.485,2355.294,2574.999,2582.999,2612.000,2608.001,2580.000,2624.999,2595.999,2606.000,2612.999,2597.000,2642.000,2633.000,
Mozambique,NaN,2067.963,2098.126,2036.375,2086.745,2101.563,2075.976,2080.198,1989.666,2069.961,2021.707,2096.214,2026.661,2149.726,2059.960,2006.080,2048.950,1976.745,1952.086,1956.690,1982.960,1924.622,1859.859,1815.958,1871.861,1912.474,1748.844,1806.402,1870.974,1778.821,1843.952,1754.016,1758.323,1777.987,1744.992,1893.880,1986.262,2018.941,2037.229,2053.075,2046.837,2045.551,2109.239,2166.823,2136.845,2118.555,2197.636,2170.163,2254.879,2254.193,2356.999,2370.999,2277.999,2183.999,2021.001,1902.000,1810.999,1922.999,2055.000,2082.000,2142.000,2170.000,
Mauritania,NaN,2301.606,2270.592,2244.232,2233.637,2208.720,2231.591,2221.003,2164.095,2144.177,2037.512,2006.160,1932.230,2041.362,2020.696,2000.990,2032.200,2075.300,2153.443,2091.546,2171.642,2202.082,2227.182,2496.835,2457.342,2491.227,2492.687,2529.196,2534.740,2564.175,2519.362,2535.905,2531.273,2562.372,2477.330,2524.865,2576.389,2613.254,2654.475,2644.430,2644.678,2652.725,2689.691,2789.760,2694.628,2745.630,2735.440,2878.556,2934.597,2922.747,2830.998,2873.000,2932.990,2910.996,2917.992,2906.996,2886.996,2906.001,2940.995,2950.998,2961.997,2970.993,
Myanmar (Burma),1467.399*,1433.265,1489.235,1515.584,1558.285,1529.266,1434.559,1441.310,1448.293,1431.602,1448.701,1474.870,1437.238,1462.235,1507.316,1493.462,1512.088,1543.692,1587.278,1613.987,1597.773,1673.921,1740.127,1754.064,1783.394,1740.166,1711.575,1708.163,1652.420,1543.846,1781.581,1779.405,1782.671,1831.136,1810.149,1871.123,1893.766,1952.644,1952.743,1953.573,2032.249,2079.450,2121.773,2173.285,2205.150,2246.998,2317.686,2394.266,2490.992,2528.850,2669.000,2657.999,2668.999,2683.999,2728.000,2754.000,2772.000,2786.000,2777.000,2774.000,2823.000,2817.999,
Malaysia,NaN,2524.065,2548.141,2572.984,2549.845,2548.556,2547.358,2564.383,2623.236,2700.796,2737.171,2677.729,2708.608,2763.906,2798.767,2751.082,2768.596,2785.424,2810.054,2865.466,2892.266,2870.581,2861.570,2888.720,2898.208,2785.907,2768.180,2717.130,2734.687,2737.175,2752.901,2750.819,2868.304,2892.571,2925.515,3001.164,3004.691,2984.202,2960.093,2978.604,2899.918,2864.918,2805.202,2811.119,2831.544,2783.326,2789.671,2808.816,2750.500,2796.018,2827.000,2863.999,2887.999,2851.001,2842.001,2892.000,2888.001,2928.000,2940.000,2948.999,2998.000,2962.000,
Morocco,2124.587*,2149.553,2174.784,2179.502,2251.544,2288.311,2204.259,2256.428,2343.267,2452.346,2438.298,2522.441,2493.642,2511.388,2564.979,2671.329,2596.612,2645.007,2667.206,2732.490,2672.271,2714.936,2779.841,2760.874,2825.645,2856.681,2977.143,2967.457,3051.494,3001.922,3106.115,3089.201,2921.345,2899.548,3025.126,2977.964,3116.219,3123.551,3177.198,3098.514,3079.689,3126.794,3154.988,3194.980,3243.756,3173.668,3224.531,3192.123,3200.690,3214.292,3267.000,3316.999,3332.001,3337.000,3383.999,3374.001,3405.999,3359.999,3411.999,3386.000,3351.000,3381.999,
Mexico,2426.442*,2453.563,2436.736,2448.525,2500.845,2513.175,2553.080,2597.296,2630.291,2647.420,2675.251,2670.368,2711.132,2752.575,2776.285,2854.521,2822.882,2859.377,2935.555,2966.374,3116.285,3259.571,3254.308,3228.718,3165.636,3222.633,3182.677,3080.016,3154.903,3129.927,3127.280,3151.748,3168.184,3181.768,3182.874,3145.853,3174.387,3151.227,3156.335,3167.176,3223.196,3269.543,3281.551,3279.784,3267.386,3218.758,3229.662,3250.664,3227.315,3190.248,3177.000,3152.000,3156.000,3149.000,3185.000,3196.000,3219.000,3225.000,3232.000,3270.000,3271.000,3278.000,
Malta,NaN,2633.037,2652.525,2724.681,2775.793,2887.451,2825.114,2865.423,2992.800,3029.154,3030.419,3047.067,3034.682,2983.406,2956.713,3103.840,3177.461,3167.921,3168.907,3153.860,3220.931,3171.615,3087.943,3125.104,3029.813,3116.950,3002.755,3104.914,3216.945,3247.543,3099.377,3257.060,3230.874,3231.119,3275.227,3397.308,3410.345,3405.236,3448.267,3459.263,3404.326,3398.816,3386.713,3411.008,3406.602,3408.282,3415.473,3426.501,3432.915,3439.918,3470.934,3447.943,3459.984,3460.913,3385.932,3409.963,3368.878,3435.950,3396.000,3325.894,3308.974,3333.994,
Mauritius,NaN,2323.236,2369.855,2334.865,2365.132,2281.932,2317.552,2272.729,2265.475,2205.595,2338.323,2364.197,2371.314,2380.959,2426.466,2486.333,2503.846,2568.237,2635.153,2697.692,2652.545,2706.677,2647.902,2610.611,2637.661,2661.389,2713.470,2701.772,2676.467,2679.653,2697.396,2697.402,2724.153,2703.193,2752.068,2817.104,2796.210,2758.116,2791.852,2792.158,2830.130,2876.196,2869.304,2866.706,2922.938,2901.249,2907.844,2953.523,2877.047,2994.956,3027.960,2991.002,2974.970,2967.981,2968.995,2968.979,2951.002,2980.993,2987.986,3025.991,3065.000,3062.972,
Maldives,NaN,1508.887,1534.682,1524.689,1525.273,1597.365,1614.628,1615.021,1584.691,1582.519,1642.630,1630.558,1574.776,1708.544,1697.121,1669.102,1790.033,1810.008,1900.333,2000.125,2113.414,2144.964,2200.870,2195.742,2209.644,2230.420,2259.921,2185.374,2207.149,2332.702,2198.635,2264.379,2254.773,2298.578,2383.262,2297.080,2304.899,2282.605,2323.309,2384.674,2352.948,2394.633,2420.516,2324.487,2366.172,2386.733,2301.332,2362.563,2380.468,2385.515,2594.936,2602.930,2612.919,2641.927,2670.961,2701.938,2721.922,2613.950,2565.932,2575.959,2544.946,2587.955,
Libya,NaN,NaN,NaN,NaN,NaN,NaN,NaN,NaN,NaN,NaN,NaN,NaN,NaN,NaN,NaN,NaN,NaN,NaN,NaN,NaN,NaN,NaN,NaN,NaN,NaN,NaN,NaN,NaN,NaN,NaN,NaN,NaN,NaN,NaN,NaN,NaN,NaN,NaN,NaN,NaN,NaN,NaN,NaN,NaN,NaN,NaN,NaN,NaN,NaN,NaN,3088.000,3070.998,3117.995,3147.996,3100.996,3130.994,3128.999,3127.996,3144.999,3180.002,3138.997,3178.000,
Latvia,NaN,NaN,NaN,NaN,NaN,NaN,NaN,NaN,NaN,NaN,NaN,NaN,NaN,NaN,NaN,NaN,NaN,NaN,NaN,NaN,NaN,NaN,NaN,NaN,NaN,NaN,NaN,NaN,NaN,NaN,NaN,NaN,3199.422,3179.502,3074.798,2974.777,2908.723,2844.379,2792.273,2802.310,2759.931,2879.496,2993.180,3038.577,3069.587,3133.735,3202.916,3147.841,3138.780,3152.701,3142.990,3163.994,3141.008,3226.998,3205.000,3188.998,3199.005,3206.998,3247.997,3266.014,3241.988,3279.990,
Lebanon,NaN,2434.273,2481.812,2444.612,2471.777,2477.386,2454.061,2478.849,2506.847,2437.153,2416.779,2418.446,2417.035,2415.486,2409.932,2332.343,2088.268,1976.197,2179.966,2457.551,2484.839,2414.454,2462.995,2495.715,2484.431,2433.300,2385.655,2367.147,2414.115,2454.886,2431.696,2462.494,2451.744,2470.423,2512.736,2520.069,2504.453,2540.629,2509.063,2512.215,2461.824,2536.937,2585.606,2619.562,2674.751,2680.869,2703.936,2739.853,2678.121,2696.868,3090.001,3044.999,3050.001,3000.995,2965.998,2923.999,2928.996,2925.998,2923.999,2888.999,2896.998,2893.002,
Liberia,NaN,1987.274,2021.379,2098.370,2115.076,2099.486,2228.181,2133.255,2182.872,2062.055,2315.938,2401.089,2290.671,2323.037,2331.252,2213.077,2337.738,2473.732,2456.519,2506.969,2432.658,2480.979,2541.510,2436.669,2396.702,2389.522,2396.635,2315.911,2307.295,2220.002,2058.521,2504.670,2266.600,1994.924,1964.657,1930.071,1983.609,2153.336,2078.014,2057.177,2119.633,2049.856,2073.018,2076.812,2133.909,2162.430,2072.889,2079.607,2161.735,2182.972,2133.001,2116.001,2121.996,2093.996,2130.995,2119.000,2155.997,2177.999,2142.997,2130.000,2107.999,2096.999,
Luxembourg,3017.367*,3028.981*,3040.595*,3052.209*,3063.822*,3075.436*,3087.050*,3098.664*,3110.278*,3121.892*,3133.506*,3145.120*,3156.734*,3168.348*,3179.961*,3191.575*,3203.189*,3214.803*,3226.417*,3238.031*,3249.645*,3261.259*,3272.873*,3284.487*,3296.100*,3307.714*,3319.328*,3330.942*,3342.556*,3354.170*,3365.784*,3377.398*,3389.012*,3400.626*,3412.239*,3423.853*,3435.467*,3447.081*,3458.695*,3470.309*,3481.923,3474.099,3468.999,3455.366,3444.812,3450.261,3457.500,3472.715,3499.195,3511.874,3468.966,3457.020,3429.961,3429.013,3415.969,3379.970,3365.971,3378.944,3406.944,3512.938,3476.995,3470.946,
Laos,NaN,1951.071,1922.601,1944.952,1993.556,2016.302,2037.784,2033.691,2040.335,1988.708,2026.332,2031.446,2024.478,2016.903,1978.919,1954.990,1960.930,2031.761,1954.763,1917.408,1926.434,1920.153,1931.450,1899.254,1872.047,1876.546,1899.652,1926.977,1870.326,1902.451,1982.568,1959.848,1931.891,1932.234,1960.497,1953.370,2006.103,2014.836,2032.058,2022.940,2099.300,2073.158,2113.708,2153.149,2182.510,2244.977,2223.915,2267.308,2247.148,2326.127,2350.998,2451.000,2427.998,2502.002,2600.993,2678.000,2673.998,2723.998,2739.001,2724.997,2728.001,2718.002,
Lithuania,NaN,NaN,NaN,NaN,NaN,NaN,NaN,NaN,NaN,NaN,NaN,NaN,NaN,NaN,NaN,NaN,NaN,NaN,NaN,NaN,NaN,NaN,NaN,NaN,NaN,NaN,NaN,NaN,NaN,NaN,NaN,NaN,2900.081,2728.413,2692.151,2734.117,2913.266,3086.606,3101.188,3043.271,3070.775,3178.881,3187.667,3201.118,3273.019,3374.169,3378.449,3473.266,3433.104,3384.374,3186.999,3267.000,3244.000,3306.999,3331.002,3314.996,3320.993,3322.998,3278.002,3295.997,3335.001,3354.998,
Lesotho,NaN,2291.050,2252.515,2308.409,2224.383,2247.294,2142.376,2121.779,2083.916,2029.338,2031.748,2070.430,1990.801,1910.519,2005.590,1966.972,2046.645,2131.371,2197.264,2129.348,2097.425,2147.441,2094.605,2148.655,2103.149,2093.900,2083.345,2040.748,2046.947,2068.345,2071.444,2121.410,2127.570,2134.336,2171.318,2082.217,2147.427,2190.623,2226.974,2266.038,2286.300,2326.567,2374.254,2399.198,2447.077,2500.239,2546.708,2524.544,2528.489,2544.478,2497.998,2511.992,2469.998,2324.991,2194.988,2071.988,2085.994,2161.998,2184.990,1986.991,1800.997,2034.987,
Kiribati,NaN,1706.477,1773.109,1784.977,1809.813,1803.262,1864.511,1956.664,1986.098,1994.196,2059.317,2107.874,2148.487,2223.769,2227.744,2304.620,2322.737,2363.838,2494.923,2608.563,2616.421,2538.792,2546.121,2478.837,2464.043,2490.258,2443.478,2446.017,2450.655,2387.117,2477.535,2551.999,2552.873,2593.882,2495.329,2614.869,2603.201,2593.389,2644.698,2652.407,2655.178,2675.591,2657.021,2649.222,2626.378,2690.439,2668.225,2638.311,2632.164,2663.271,2958.699,3010.534,3039.728,3035.839,3076.411,3112.813,3096.504,3066.541,3091.595,3124.698,3082.683,3096.688,
Kazakhstan,NaN,NaN,NaN,NaN,NaN,NaN,NaN,NaN,NaN,NaN,NaN,NaN,NaN,NaN,NaN,NaN,NaN,NaN,NaN,NaN,NaN,NaN,NaN,NaN,NaN,NaN,NaN,NaN,NaN,NaN,NaN,NaN,2776.799,2763.876,2769.826,2716.513,2717.893,2722.462,2617.438,2639.392,2685.360,2753.401,2798.006,2844.044,2860.023,2918.266,2957.297,3040.506,3062.364,3026.444,3122.000,3170.000,3166.000,3195.999,3171.001,3155.001,3164.999,3251.998,3350.000,3371.000,3382.998,3366.001,
Kuwait,NaN,2177.119,2262.251,2216.599,2368.000,2397.585,2490.230,2459.074,2462.636,2395.670,2398.196,2354.165,2424.162,2387.848,2393.208,2431.469,2533.589,2576.597,2622.086,2688.742,2700.918,2678.550,2754.287,2736.151,2737.875,2676.076,2744.906,2818.395,2857.097,2863.013,2843.513,2836.869,2587.813,2646.503,2939.283,3077.662,3039.133,3100.228,3177.019,3288.494,3383.677,3463.335,3446.064,3525.136,3576.237,3672.928,3668.324,3639.700,3579.644,3539.622,3547.995,3571.992,3490.992,3453.000,3462.991,3474.996,3417.000,3444.997,3432.000,3469.996,3481.991,3495.999,
Kenya,NaN,2336.619,2323.468,2195.966,2228.974,2328.506,2300.777,2272.464,2282.681,2323.327,2255.677,2255.283,2304.249,2262.398,2279.700,2283.903,2326.336,2349.855,2363.149,2320.985,2304.456,2283.543,2278.267,2228.960,2059.530,2207.335,2251.518,2164.201,2097.952,2135.301,2068.026,2051.988,1956.799,1919.214,2096.454,2096.259,2093.353,2058.225,2088.705,2112.618,2077.784,2087.157,2036.650,2012.183,2024.508,2157.563,2151.153,2094.202,2083.756,2136.066,2182.000,2191.999,2216.000,2243.000,2241.000,2246.999,2186.000,2204.000,2238.000,2301.000,2262.000,2218.000,
Kyrgyzstan,NaN,NaN,NaN,NaN,NaN,NaN,NaN,NaN,NaN,NaN,NaN,NaN,NaN,NaN,NaN,NaN,NaN,NaN,NaN,NaN,NaN,NaN,NaN,NaN,NaN,NaN,NaN,NaN,NaN,NaN,NaN,NaN,2656.012,2407.659,2423.453,2381.688,2475.968,2640.343,2504.052,2532.382,2405.620,2460.234,2477.291,2588.204,2676.061,2672.892,2576.458,2600.561,2604.613,2661.633,2674.995,2714.001,2736.998,2732.999,2717.997,2722.998,2678.999,2728.997,2765.994,2762.999,2732.996,2694.999,
Jordan,NaN,4089.898,4080.991,4067.123,3847.582,3872.031,3759.596,3391.429,2294.345,2341.964,2298.587,2333.000,2329.844,2274.346,2291.596,2249.467,2383.719,2447.264,2529.777,2577.768,2615.490,2656.635,2651.995,2626.420,2649.571,2681.348,2614.797,2629.168,2613.583,2558.700,2673.402,2723.183,2651.243,2646.869,2553.670,2603.705,2568.023,2642.539,2606.865,2521.875,2571.038,2658.480,2730.533,2841.075,2873.463,2877.577,2817.463,2728.632,2737.663,2824.998,2844.999,2801.000,2830.998,2814.997,2830.000,2807.000,2766.000,2723.999,2582.001,2515.999,2329.999,2150.999,
Jamaica,NaN,1901.461,2014.286,2032.725,2182.341,2191.206,2219.674,2348.457,2357.225,2358.268,2506.284,2575.374,2670.448,2548.614,2633.100,2658.758,2694.936,2644.228,2707.668,2579.624,2647.594,2582.007,2516.453,2531.766,2612.786,2537.484,2566.247,2614.245,2528.169,2578.678,2611.151,2545.005,2587.623,2661.913,2668.673,2633.334,2665.624,2648.493,2665.227,2685.876,2697.447,2776.248,2783.084,2805.724,2794.068,2800.358,2798.583,2798.003,2754.722,2756.669,2761.996,2779.001,2774.001,2814.996,2800.998,2830.995,2780.001,2857.992,2888.998,2915.994,2840.002,2881.999,
Japan,2419.998*,2472.081,2518.462,2553.861,2575.705,2563.981,2589.164,2640.880,2650.955,2651.918,2692.632,2685.943,2739.797,2731.727,2702.387,2677.182,2711.490,2733.064,2747.731,2764.389,2757.271,2713.676,2780.189,2799.675,2799.973,2834.307,2846.625,2865.477,2908.301,2934.326,2913.742,2901.580,2913.091,2899.723,2908.162,2897.862,2941.054,2915.178,2871.131,2872.413,2874.106,2864.178,2829.407,2820.193,2822.004,2810.862,2761.359,2800.331,2717.806,2659.047,2655.000,2663.000,2712.000,2715.000,2701.000,2684.000,2682.000,2701.000,2672.000,2732.000,2674.000,2659.000,
Iceland,3256.215*,3255.309,3333.474,3107.709,3140.305,3150.716,3076.481,2953.023,2899.500,2872.829,3008.876,2962.679,3079.747,2953.639,2944.015,2973.909,3034.469,3048.401,3112.919,3204.929,3163.171,3301.558,3177.323,3171.693,3194.910,3155.289,3302.568,3220.504,3113.997,3134.888,3056.688,3104.979,3090.843,3063.294,3109.567,3102.993,3041.688,3126.749,3136.409,3164.166,3146.748,3134.260,3205.077,3238.166,3297.157,3322.586,3366.485,3381.945,3333.896,3342.804,3281.835,3281.815,3336.917,3336.835,3368.897,3441.917,3549.032,3606.885,3619.990,3656.828,3633.881,3611.922,
Israel,NaN,3074.678,3090.017,3000.030,3067.405,3005.899,3061.633,3094.036,3118.071,3113.033,3068.296,3193.288,3156.533,3234.325,3155.930,3145.834,3187.688,3192.129,3124.188,3118.933,3099.321,3145.554,3283.526,3255.021,3214.178,3242.825,3245.471,3290.021,3177.992,3137.838,3185.569,3214.675,3262.151,3247.162,3235.774,3372.196,3424.052,3438.809,3436.106,3422.114,3493.199,3540.629,3629.530,3505.916,3550.737,3573.415,3585.234,3513.841,3539.169,3550.262,3608.001,3611.000,3613.005,3622.002,3643.001,3576.001,3561.998,3602.002,3614.997,3643.999,3684.001,3701.001,
Iraq,NaN,1786.204,1911.877,2016.148,2060.545,2080.189,2079.344,2108.207,2117.982,2141.407,2167.304,2185.536,2108.435,2127.319,2164.173,2212.758,2238.736,2308.264,2467.731,2590.722,2675.928,2827.517,2954.515,3030.493,3168.726,3283.507,3378.086,3389.453,3380.269,3371.221,3223.170,2377.600,2268.733,2241.858,2171.214,2141.391,2112.448,2038.174,2056.767,2084.136,2103.823,2173.446,2183.964,2159.751,2266.322,2242.727,2304.879,2385.650,2375.078,2430.842,2226.639,2230.928,2197.477,2213.774,2211.201,2203.481,2218.920,2234.359,2260.948,2282.391,2295.258,2304.692,
Ivory Coast,NaN,2178.042,2266.141,2335.988,2400.174,2444.898,2433.034,2426.572,2534.591,2508.766,2545.829,2491.199,2463.571,2438.275,2434.998,2600.383,2615.276,2651.455,2716.687,2877.316,2904.711,2979.894,2941.579,2853.603,2903.748,2842.261,2830.977,2729.302,2733.907,2668.521,2610.264,2616.564,2611.724,2528.067,2538.396,2558.115,2577.478,2620.868,2569.586,2556.990,2508.037,2499.352,2513.899,2508.995,2531.169,2555.431,2534.453,2528.730,2470.511,2453.115,2627.000,2680.999,2669.000,2693.000,2641.001,2719.000,2740.000,2771.999,2792.000,2845.001,2886.000,2919.000,
Ireland,3380.449*,3389.153,3395.262,3417.492,3422.182,3424.918,3413.639,3439.466,3432.069,3447.081,3464.645,3511.496,3469.548,3509.143,3547.049,3494.623,3454.169,3539.623,3616.760,3575.625,3603.047,3570.121,3640.178,3578.783,3571.504,3605.792,3636.952,3610.784,3622.857,3635.073,3671.445,3610.878,3642.172,3550.210,3602.725,3540.902,3638.277,3712.186,3706.325,3734.949,3761.656,3757.948,3621.407,3639.450,3620.888,3516.102,3495.713,3476.231,3501.233,3499.738,3584.007,3626.997,3618.000,3634.000,3700.004,3772.997,3818.999,3905.992,3936.003,3907.999,3887.998,3861.004,
Iran,NaN,1792.946,1787.570,1829.205,1897.030,1904.163,2048.782,2064.387,2192.219,2061.343,2115.633,2045.541,2180.231,2331.238,2405.693,2432.555,2459.348,2490.219,2524.446,2598.098,2681.465,2715.565,2676.567,2758.991,2740.616,2727.253,2744.294,2832.110,2772.252,2923.828,2912.369,2914.685,2970.738,3071.720,3050.498,3030.621,3044.202,3094.091,3112.289,3104.392,3067.060,3044.339,3043.972,3062.283,3100.534,3072.660,2987.425,3006.629,2984.993,3025.920,2943.999,2853.000,2949.000,2982.000,2991.000,2943.000,2944.000,2877.000,2845.000,2918.000,2919.000,2895.000,
Italy,2730.000,2961.164,3026.044,3097.680,3089.462,3131.008,3154.349,3229.087,3293.173,3336.943,3462.998,3449.104,3492.074,3575.837,3483.928,3393.062,3387.272,3324.645,3502.243,3608.411,3596.061,3502.252,3388.452,3359.859,3412.341,3422.170,3505.487,3535.103,3546.557,3562.050,3591.768,3651.887,3546.791,3477.125,3493.918,3513.049,3569.384,3579.558,3668.274,3690.324,3669.262,3684.204,3686.221,3648.923,3651.464,3595.936,3665.208,3661.550,3634.442,3638.708,3675.000,3668.000,3660.000,3659.000,3533.000,3539.000,3541.000,3552.001,3549.000,3647.999,3688.000,3732.999,
Indonesia,NaN,1824.865,1823.212,1804.758,1845.043,1834.860,1822.735,1828.662,1846.797,1877.766,1909.557,1941.578,1968.889,2048.569,2063.490,2048.245,2021.385,2066.550,2102.763,2159.460,2195.512,2272.048,2273.002,2331.686,2355.128,2370.374,2397.361,2444.095,2537.481,2553.242,2292.733,2310.558,2369.343,2383.857,2422.290,2500.131,2493.898,2442.114,2427.820,2407.956,2377.585,2366.586,2394.466,2413.412,2420.204,2421.358,2439.216,2480.278,2504.509,2565.256,2599.000,2655.000,2699.000,2740.000,2817.000,2794.000,2889.000,2962.000,2920.000,2913.000,2924.000,2916.000,
India,1993.352*,2020.021,2056.121,1971.689,1989.076,1922.651,1930.133,1982.360,2001.443,2027.298,2102.286,1982.340,1978.056,2039.429,1932.536,2055.731,1921.288,2106.806,2151.454,2030.305,2000.117,2062.448,2035.329,2214.393,2220.382,2162.135,2162.878,2174.633,2276.285,2365.229,2201.045,2290.300,2323.170,2256.157,2275.490,2303.574,2319.844,2340.933,2329.362,2362.312,2340.982,2290.901,2240.047,2233.746,2205.096,2215.946,2276.097,2338.276,2362.495,2348.879,2362.000,2397.000,2393.000,2428.000,2458.000,2431.000,2482.000,2523.000,2535.000,2537.000,2550.000,2569.000,
Hong Kong,NaN,2588.177,2650.515,2709.852,2730.171,2747.506,2773.453,2787.901,2829.507,2814.934,2883.130,2909.582,2915.757,2905.237,2869.220,2848.070,2883.166,2904.995,2910.064,2976.565,2963.237,3013.433,3038.075,3074.588,3063.404,3072.881,3102.722,3161.311,3193.336,3222.271,3155.723,3150.708,3043.220,3095.352,3143.146,3199.990,3132.821,3122.026,3058.318,3094.847,3096.020,3123.444,3153.815,3188.481,3199.188,3205.469,3222.870,3215.192,3202.998,3214.809,3114.001,3130.996,3084.999,3077.004,3107.000,3052.998,3094.002,3150.005,3177.999,3190.999,3099.002,3050.000,
Hungary,2840.085*,2871.477,3054.288,3081.085,3058.585,3100.885,3295.274,3135.853,3168.144,3241.765,3259.651,3280.575,3216.468,3271.924,3386.956,3386.670,3294.817,3286.122,3329.173,3285.376,3396.039,3416.048,3431.606,3439.098,3406.497,3431.817,3446.950,3604.403,3533.955,3500.312,3382.935,3203.533,3280.396,3106.972,3031.432,2956.090,2935.592,3015.246,3014.459,3005.665,3178.823,3099.486,3081.241,3068.242,3199.431,3277.293,3284.498,3170.248,3156.066,3147.033,3040.999,3055.001,2999.999,3023.001,3066.998,3172.000,3196.998,3232.000,3291.000,3309.000,3368.000,3421.002,
Honduras,NaN,1820.584,1799.278,1818.355,1821.907,1878.705,1933.431,1980.014,1988.679,2026.065,2006.581,1960.069,1929.693,1959.547,1933.713,1997.537,2024.018,2009.501,1975.486,1963.130,1992.200,2045.087,1956.324,2022.053,2023.703,2066.989,2086.518,2115.514,2173.438,2218.729,2242.750,2209.135,2249.880,2254.072,2273.373,2298.239,2307.202,2290.095,2284.491,2258.999,2219.271,2282.436,2289.360,2284.221,2271.276,2270.903,2298.663,2327.007,2352.468,2342.805,2573.998,2599.997,2594.000,2590.002,2541.999,2563.000,2602.001,2602.999,2625.999,2632.999,2617.999,2667.001,
Haiti,NaN,1897.568,1931.720,1932.816,1872.161,1946.294,1915.970,1907.406,1880.352,1891.407,1886.885,1889.434,1912.927,1939.487,1938.186,1937.320,1974.400,1938.677,1968.139,1978.572,1969.683,2012.361,1986.102,1977.468,1920.461,1945.688,1922.758,1843.565,1785.068,1741.208,1793.584,1800.899,1770.468,1761.473,1749.613,1809.642,1859.378,1890.306,1973.616,2009.388,2009.004,1943.417,1945.579,1911.035,1924.519,1914.828,1967.717,1989.482,2027.198,2067.273,2149.999,2143.998,2124.000,2154.001,2212.000,2213.999,2165.001,2172.999,2127.999,2112.000,2096.999,2075.999,
Guinea,NaN,1986.730,1967.418,1961.963,2073.768,2035.717,2028.508,2024.723,2011.144,1972.656,2013.598,2025.046,1986.050,2083.147,2043.687,2057.427,2059.419,2083.844,2124.150,2176.318,2127.902,2201.024,2121.529,2122.346,2212.190,2204.809,2253.388,2248.106,2327.515,2339.324,2302.213,2324.486,2413.802,2463.029,2495.661,2494.332,2478.087,2425.499,2394.502,2444.081,2474.737,2453.947,2485.655,2518.394,2539.422,2559.506,2628.643,2636.169,2672.675,2691.240,2453.001,2527.000,2566.999,2615.999,2660.002,2641.999,2663.000,2697.000,2754.998,2813.001,2858.999,2902.000,
Guinea Bissau,NaN,1778.076,1724.245,1746.525,1800.836,1898.350,1939.402,1898.010,1762.708,1857.974,1770.803,1921.192,1900.185,1926.165,1961.278,1981.445,1972.992,1956.754,1970.841,1905.909,1987.278,2111.103,2119.932,2132.648,2143.109,2372.838,2290.485,2315.361,2283.195,2274.001,2349.357,2428.990,2470.643,2377.367,2392.350,2383.612,2299.134,2240.542,2213.659,2230.758,2327.041,2355.713,2352.084,2303.729,2330.705,2342.664,2314.987,2345.838,2348.214,2313.490,2265.991,2233.993,2223.000,2190.991,2146.990,2121.987,2132.995,2250.994,2151.995,2181.000,2161.990,2166.990,
Gambia,NaN,1898.697,1891.258,1895.809,1882.158,2002.746,1923.415,1957.641,1970.563,1965.704,1891.170,1920.864,1759.975,1752.118,1661.100,1537.698,1564.151,1546.911,1599.382,1594.691,1646.592,1712.990,1750.155,1818.766,1854.477,2028.476,2206.126,2173.768,2155.651,2123.766,2222.389,2229.867,2171.873,2128.477,2046.678,2053.631,2048.789,2118.789,2014.280,2145.940,2214.276,2158.974,2107.885,2114.456,2128.273,2113.468,2075.825,2196.181,2244.078,2271.942,2663.995,2635.993,2619.987,2582.993,2532.997,2543.992,2518.998,2526.990,2442.004,2474.998,2453.986,2432.998,
Georgia,NaN,NaN,NaN,NaN,NaN,NaN,NaN,NaN,NaN,NaN,NaN,NaN,NaN,NaN,NaN,NaN,NaN,NaN,NaN,NaN,NaN,NaN,NaN,NaN,NaN,NaN,NaN,NaN,NaN,NaN,NaN,NaN,1967.255,1960.842,2018.901,2480.686,2666.209,2808.915,2804.168,2849.336,2854.069,2980.133,3129.796,3254.038,3284.780,3369.934,3236.852,3285.672,3383.940,3364.219,2808.997,2824.995,2838.001,2847.996,2867.006,2947.996,2861.999,2861.997,2977.998,3056.997,3044.998,3053.997,
Ghana,NaN,1947.363,1887.993,1809.782,1840.094,1844.084,1956.106,2056.650,1987.341,1990.058,2082.823,2075.714,2002.836,2040.327,2073.979,1944.281,1811.358,1605.851,1552.800,1489.788,1447.519,1440.164,1359.329,1399.030,1630.529,1663.748,1722.110,1828.453,1805.310,1821.150,1637.442,1984.405,2017.646,2178.133,2216.777,2259.612,2287.082,2303.222,2330.294,2363.093,2402.722,2449.409,2530.639,2540.425,2550.945,2614.905,2683.331,2663.215,2802.526,2879.035,2924.000,2896.000,2888.000,2866.001,2854.000,2791.999,2770.000,2862.999,2945.999,3009.999,3042.000,3078.999,
Guyana,NaN,2258.540,2262.900,2212.747,2277.326,2211.212,2254.023,2251.090,2258.165,2290.047,2284.861,2284.346,2285.477,2384.634,2418.446,2426.035,2479.736,2480.240,2471.426,2391.574,2434.281,2497.100,2438.864,2491.738,2425.633,2403.893,2416.707,2441.349,2361.009,2334.139,2288.174,2299.874,2342.717,2385.570,2454.375,2501.555,2512.404,2599.856,2609.852,2616.889,2678.780,2715.110,2696.514,2687.585,2673.892,2691.552,2683.234,2707.368,2674.269,2726.818,2609.976,2641.982,2742.000,2731.985,2826.977,3016.948,3024.972,3078.939,3130.968,3106.957,3150.972,3193.996,
Guatemala,NaN,1829.032,1856.632,1897.191,1953.636,1956.502,1958.532,1963.537,1973.345,2002.827,2015.157,1988.104,1999.048,2055.667,2037.891,2120.351,2074.025,2116.426,2132.468,2138.407,2165.092,2393.833,2269.775,2126.726,2018.139,2193.624,2338.698,2313.386,2319.471,2180.957,2304.508,2262.665,2218.207,2264.020,2281.734,2192.741,2155.928,2042.014,2059.999,2043.601,2062.105,2120.077,2258.445,2250.326,2236.404,2300.653,2339.844,2379.359,2321.618,2412.368,2473.999,2483.999,2484.001,2478.999,2482.999,2522.001,2560.999,2605.001,2587.001,2636.000,2712.001,2756.999,
Gabon,NaN,1852.624,1864.597,1819.457,1812.639,1825.665,1859.802,1908.512,1960.092,1914.658,1923.251,1952.713,1918.714,1905.412,2062.762,2149.105,2168.387,2226.016,2281.968,2206.046,2202.969,2202.316,2276.738,2333.342,2396.323,2374.381,2384.951,2340.354,2397.748,2381.181,2268.664,2464.279,2406.380,2442.224,2371.535,2451.743,2538.763,2530.699,2564.848,2613.164,2615.845,2588.584,2532.273,2540.526,2543.599,2567.253,2554.147,2531.219,2459.018,2479.383,2701.989,2748.988,2767.983,2757.000,2756.003,2752.995,2679.000,2634.994,2654.996,2605.002,2615.985,2594.994,
Germany,2960.000,2866.468,2929.049,2916.859,3004.664,3036.462,3038.822,3032.666,3094.016,3078.516,3140.306,3149.850,3184.941,3208.834,3154.995,3165.874,3242.260,3197.406,3314.731,3338.315,3336.251,3330.068,3393.394,3433.523,3445.970,3478.428,3460.837,3434.321,3453.642,3450.674,3306.885,3373.969,3452.053,3267.631,3287.200,3330.091,3381.680,3256.141,3364.647,3356.758,3416.190,3448.336,3521.322,3491.733,3519.388,3561.464,3575.396,3631.057,3610.644,3598.154,3596.000,3627.000,3578.000,3566.000,3556.000,3591.000,3575.999,3568.000,3607.000,3635.000,3642.000,3633.999,
Grenada,NaN,1656.998,1736.174,1781.300,1860.166,1919.534,1979.668,1986.464,2018.400,2068.013,2131.802,2097.325,2077.195,2062.389,1964.077,1940.589,1976.033,2077.491,2114.758,2139.535,2118.579,2128.834,2109.433,2058.987,2067.589,2093.564,2111.804,2320.128,2355.383,2398.658,2417.782,2367.817,2357.472,2375.438,2340.834,2306.029,2291.383,2293.389,2209.916,2127.938,2107.556,2164.825,2173.882,2169.435,2236.248,2213.788,2226.907,2229.103,2242.762,2234.999,2363.627,2366.732,2362.593,2339.720,2367.679,2405.717,2479.938,2469.714,2531.730,2497.654,2539.754,2608.707,
Greece,2745.209*,2777.477,2744.258,2770.843,2868.610,2932.483,2973.412,3050.133,3106.640,3119.773,3237.354,3266.354,3226.506,3516.925,3447.994,3433.691,3421.050,3448.109,3460.048,3461.737,3310.289,3478.491,3501.144,3508.400,3605.623,3544.488,3350.184,3453.358,3517.669,3588.064,3491.463,3488.784,3560.829,3511.947,3554.641,3496.675,3495.117,3501.660,3521.275,3609.878,3585.321,3594.683,3615.841,3625.208,3692.203,3569.900,3468.339,3503.247,3521.981,3518.473,3530.999,3532.000,3518.002,3524.003,3444.999,3406.999,3352.999,3391.000,3392.998,3420.998,3377.999,3349.998,
Finland,3110.000,3266.074,3152.980,3072.123,3089.582,3123.286,3136.717,3051.618,3043.278,3161.464,3128.257,3145.189,3159.514,3199.941,3153.953,3204.739,3146.983,3045.169,3039.464,3007.010,3093.726,3025.713,3108.446,2987.315,3000.310,2962.892,2965.703,2944.877,3101.405,3230.287,3145.283,3103.991,3185.495,3034.637,2987.537,3031.034,3017.755,3150.647,3176.662,3172.693,3150.873,3170.996,3151.644,3154.005,3187.913,3200.957,3238.076,3283.051,3238.827,3236.141,3163.995,3187.998,3261.997,3241.998,3238.002,3235.002,3265.002,3264.997,3313.997,3339.001,3358.001,3319.005,
Fiji,NaN,2537.939,2599.847,2681.822,2639.366,2770.025,2573.581,2503.910,2497.998,2526.496,2264.114,2548.213,2487.430,2417.816,2309.682,2339.797,2281.381,2384.816,2379.934,2450.945,2471.649,2174.796,2445.155,2460.121,2510.108,2545.702,2432.447,2384.717,2426.165,2415.479,2502.731,2549.150,2589.808,2730.291,2708.278,2685.769,2783.080,2804.071,2784.927,2778.426,2760.259,2786.013,2786.258,2752.823,2741.343,2763.084,2765.013,2741.286,2774.656,2756.223,2692.982,2736.003,2696.979,2698.950,2760.952,2735.973,2680.997,2723.994,2780.994,2822.994,2860.969,2875.984,
France,3050.000,3206.250,3282.927,3270.925,3265.422,3280.332,3261.973,3312.898,3303.948,3300.978,3317.805,3297.180,3264.347,3281.424,3288.776,3263.076,3300.544,3361.373,3403.414,3396.975,3389.273,3428.782,3429.785,3469.017,3460.516,3505.350,3483.405,3554.446,3584.802,3581.960,3532.917,3569.304,3578.643,3575.060,3546.484,3570.229,3555.203,3582.485,3627.374,3637.524,3638.647,3676.158,3697.578,3635.029,3607.907,3592.664,3566.390,3515.824,3598.867,3575.179,3557.000,3542.000,3507.001,3516.000,3477.999,3465.000,3508.000,3514.000,3505.000,3535.000,3578.000,3603.999,
Egypt,2177.079*,2153.669,2236.593,2252.212,2290.087,2320.532,2380.689,2323.599,2367.407,2369.074,2373.902,2363.536,2406.370,2448.998,2493.129,2529.230,2613.164,2653.609,2744.207,2861.857,2934.285,3071.965,3123.988,3098.297,3089.253,3088.085,3068.184,3132.183,3111.441,3074.874,3132.206,3104.831,3089.357,3088.968,3126.937,3160.070,3157.120,3165.355,3126.208,3125.096,3120.991,3144.613,3152.852,3088.474,3013.136,3056.283,3067.934,3110.268,3142.319,3089.819,3290.999,3249.000,3256.000,3209.000,3186.000,3188.000,3137.000,3149.000,3118.000,3138.000,3154.000,3127.000,
Eswatini,NaN,2254.609,2215.780,2157.760,2134.849,2185.478,2170.535,2101.894,2247.618,2247.584,2310.192,2288.300,2293.781,2396.130,2414.433,2463.523,2525.720,2390.303,2428.161,2399.197,2388.556,2401.512,2461.531,2412.110,2462.731,2394.801,2445.115,2444.530,2435.950,2476.878,2356.521,2278.017,2278.907,2216.291,2279.469,2234.847,2242.975,2191.384,2227.605,2330.872,2427.418,2388.659,2458.862,2503.162,2536.701,2445.258,2411.837,2418.648,2389.773,2411.499,2168.988,2227.982,2300.973,2394.981,2425.996,2405.998,2404.981,2431.985,2497.000,2486.979,2535.972,2548.994,
Ethiopia,1692.521*,1686.561*,1680.601*,1674.641*,1668.681*,1662.721*,1656.761*,1650.801*,1644.841*,1638.881*,1632.921*,1626.961*,1621.001*,1615.041*,1609.081*,1603.121*,1597.162*,1591.202*,1585.242*,1579.282*,1573.322*,1567.362*,1561.402*,1555.442*,1549.482*,1543.522*,1537.562*,1531.602*,1525.642*,1519.682*,1513.722*,1507.762*,1501.802*,1495.842,1533.328,1558.631,1640.146,1666.138,1663.129,1702.623,1759.146,1800.859,1814.806,1853.646,1851.133,1944.733,1932.443,1919.882,1976.469,2006.644,2213.000,2228.000,2278.000,2338.000,2374.000,2444.000,2458.000,2483.000,2450.000,2411.000,2457.000,2470.000,
El Salvador,1573.766*,1575.056,1618.224,1667.578,1651.160,1731.418,1743.415,1766.856,1799.698,1794.851,1800.334,1856.956,1855.928,1913.841,1964.634,2110.418,2142.315,2186.933,2222.805,2285.293,2321.713,2374.709,2341.964,2315.654,2332.585,2298.446,2223.071,2197.591,2238.725,2255.215,2298.031,2390.107,2392.112,2369.608,2372.715,2391.916,2408.088,2433.138,2436.097,2413.091,2541.221,2626.639,2641.559,2597.925,2573.102,2585.981,2603.717,2599.484,2609.586,2612.801,2607.996,2609.998,2629.999,2620.000,2624.001,2628.999,2675.999,2726.995,2760.000,2821.999,2772.998,2791.002,
Estonia,NaN,NaN,NaN,NaN,NaN,NaN,NaN,NaN,NaN,NaN,NaN,NaN,NaN,NaN,NaN,NaN,NaN,NaN,NaN,NaN,NaN,NaN,NaN,NaN,NaN,NaN,NaN,NaN,NaN,NaN,NaN,NaN,2487.602,2552.977,2665.284,2883.209,3014.765,2961.089,2909.208,3049.076,2982.573,2977.970,2974.073,3002.989,3011.078,3097.648,3137.093,3155.723,3241.108,3268.833,3235.012,3221.988,3156.995,3180.988,3176.998,3134.005,3107.005,3104.000,3200.010,3253.002,3246.978,3288.990,
Ecuador,NaN,1958.101,1985.136,2020.622,2013.569,2154.602,2146.501,2108.080,2094.313,2108.479,2139.717,2074.157,2142.043,2063.560,2081.468,2170.617,2229.941,2226.048,2221.724,2227.027,2317.528,2259.275,2266.890,2141.976,2191.811,2156.658,2232.351,2205.828,2262.273,2220.418,2185.654,2127.217,2253.753,2259.115,2350.142,2260.913,2256.394,2294.280,2220.917,2306.524,2268.077,2205.864,2231.045,2198.492,2225.079,2249.140,2231.376,2215.510,2299.408,2292.055,2609.001,2613.999,2606.999,2565.000,2611.999,2612.999,2544.999,2556.999,2545.000,2506.000,2538.001,2582.001,
Djibouti,NaN,1589.803,1660.225,1649.178,1641.672,1676.564,1725.865,1821.592,1869.459,1750.318,1891.504,1891.219,1825.237,1911.788,1810.065,1783.701,1755.800,1717.921,1590.674,1515.428,1589.378,1597.451,1629.468,1640.466,1615.045,1652.757,1706.617,1681.887,1730.574,1640.946,1648.819,1469.769,1519.997,1653.213,1671.561,1800.187,1773.210,1810.166,1868.531,1881.495,1941.846,1900.451,1936.508,1960.499,1999.286,2118.165,2152.922,2229.290,2244.972,2249.516,2452.984,2509.976,2551.970,2604.970,2693.997,2757.984,2737.976,2754.968,2787.989,2793.977,2801.995,2813.995,
Dominican Republic,NaN,1721.333,1855.873,1865.316,1872.731,1807.498,1926.720,1887.883,1946.280,1999.023,1982.083,2013.573,2039.550,2103.775,2145.725,2108.511,2122.505,2198.891,2167.782,2200.565,2288.573,2255.030,2237.183,2255.538,2308.127,2409.217,2413.432,2339.284,2270.105,2307.670,2102.665,2175.429,2173.473,2252.795,2284.089,2287.030,2203.960,2180.981,2169.662,2178.795,2255.823,2291.851,2321.345,2179.312,2256.155,2373.273,2416.672,2457.385,2408.076,2450.495,2602.998,2657.999,2692.999,2751.999,2821.999,2802.999,2897.000,2937.998,2998.999,3049.998,3099.998,3106.999,
Dominica,NaN,1750.761,1821.207,1868.141,1875.316,1920.760,1939.018,1949.621,2049.893,2047.777,2061.599,2039.340,2046.988,1947.578,1974.816,2009.002,2077.112,2160.835,2249.662,2118.481,2292.123,2316.344,2354.783,2335.385,2492.822,2571.963,2779.274,2895.290,2994.205,3036.945,3026.906,2980.830,2949.476,2930.459,2945.896,3018.505,2973.129,3010.739,2957.060,2982.842,3136.254,3121.562,3059.123,3073.754,3017.743,3022.508,3011.984,3139.775,3117.874,3133.885,2983.915,2972.222,2988.219,2997.173,3012.218,3032.264,2986.233,2955.077,2929.173,2981.332,2953.549,2981.971,
Denmark,3188.821*,3187.389,3104.005,3101.432,3115.284,3108.393,3117.733,3078.620,3091.256,3081.160,3161.510,3193.479,3104.928,3041.499,3039.876,2990.653,2985.721,3010.824,3029.041,3056.154,3127.537,3132.788,3089.948,3030.838,3015.276,3163.008,3135.709,3212.537,3246.397,3179.939,3158.158,3224.294,3335.120,3337.215,3313.219,3393.570,3292.745,3364.754,3395.006,3331.464,3311.349,3331.421,3366.917,3334.727,3371.644,3402.499,3396.473,3437.631,3321.919,3338.516,3409.000,3392.002,3396.003,3423.998,3432.998,3416.003,3424.002,3442.996,3574.001,3581.001,3596.001,3583.997,
Cuba,2140.389*,2084.254,2156.037,2350.482,2295.021,2308.425,2200.320,2269.138,2375.239,2427.427,2536.000,2700.591,2610.266,2578.735,2796.547,2653.546,2748.624,2713.144,2799.238,2716.358,2900.634,2942.142,3014.714,3067.051,3112.660,3112.953,3061.525,3065.808,2981.557,3001.374,2912.944,2728.643,2497.024,2316.946,2359.221,2326.126,2451.010,2569.029,2658.265,2906.353,3039.788,3085.905,3165.844,3259.560,3360.220,3267.277,3271.686,3260.263,3125.366,3234.666,3245.000,3329.999,3358.999,3379.999,3343.000,3354.001,3436.999,3437.001,3384.999,3424.000,3379.001,3416.999,
Central African Republic,NaN,2016.772,1980.978,1918.857,1886.812,2046.562,1853.315,1973.734,1968.010,2008.721,2070.201,2070.621,2082.287,2139.963,2231.619,2098.309,2129.280,2158.477,2142.610,2189.611,2174.875,2223.035,2185.655,2097.625,1946.716,1891.423,1976.925,1957.561,1963.794,1983.964,1974.337,1966.061,1941.719,1898.784,1887.755,1880.594,1888.347,1897.454,1955.100,1884.928,1919.080,1915.208,1912.896,1869.892,1882.112,1906.696,1905.044,1961.711,1998.238,1999.099,1983.002,2001.993,1972.002,1862.997,1787.997,1761.996,1764.999,1830.000,1818.995,1853.997,1821.999,1784.995,
Czechia,NaN,NaN,NaN,NaN,NaN,NaN,NaN,NaN,NaN,NaN,NaN,NaN,NaN,NaN,NaN,NaN,NaN,NaN,NaN,NaN,NaN,NaN,NaN,NaN,NaN,NaN,NaN,NaN,NaN,NaN,NaN,NaN,NaN,3043.794,2984.547,3217.495,3329.428,3246.061,3277.651,3124.345,3083.599,3170.225,3235.344,3304.737,3304.840,3302.146,3269.511,3261.053,3278.521,3296.271,3266.000,3274.000,3272.002,3300.001,3205.001,3134.000,3260.002,3301.998,3304.998,3344.998,3359.000,3404.001,
Cambodia,1952.176*,1982.343,1959.488,2032.263,2005.711,2019.944,2033.852,2054.832,2091.144,2083.820,2185.568,2215.045,2185.147,2116.357,2081.814,1792.436,1789.673,1835.688,1846.852,1809.379,1817.678,1886.929,1900.495,1970.113,1949.934,1892.563,1867.754,1974.519,1998.645,1928.561,1969.795,2034.741,2037.793,1993.059,1998.461,2009.906,1885.426,1889.102,1979.696,2062.518,2133.177,2195.731,2290.533,2286.865,2298.180,2346.220,2390.619,2393.607,2402.501,2414.995,2544.999,2637.999,2629.998,2619.998,2644.001,2674.999,2663.999,2675.999,2763.000,2812.001,2787.999,2810.998,
Chad,NaN,2237.511,2353.216,2342.395,2308.928,2279.553,2245.579,2240.260,2209.731,2171.698,2100.094,2014.598,1871.878,1764.234,1785.197,1724.060,1681.006,1689.530,1667.659,1672.830,1674.879,1688.905,1641.427,1576.478,1565.885,1809.203,1662.586,1603.478,1781.583,1695.761,1683.332,1829.958,1829.408,1676.011,2027.926,1821.787,1818.960,1900.085,2040.934,1994.261,1956.867,2037.425,1995.082,2049.228,2036.851,2035.827,2020.319,2022.565,2014.641,1999.001,2342.999,2338.000,2394.000,2384.000,2325.000,2289.999,2343.999,2343.998,2319.999,2299.000,2256.999,2202.999,
Congo (Brazzaville),NaN,2007.177,2010.516,2007.628,2044.250,1997.747,1932.359,1928.414,1926.577,1850.729,1807.088,1846.873,1908.840,1861.126,1809.273,1915.555,1889.732,1932.553,1950.906,1966.289,2028.433,2006.715,2120.611,2118.958,2153.460,2145.964,2133.097,2168.213,2146.381,2102.742,1998.959,1996.365,2004.846,1982.556,1964.259,1962.625,1956.991,1995.047,2061.592,2118.023,2171.419,2199.005,2227.012,2195.739,2202.949,1970.774,2049.529,2028.509,1999.791,2010.059,1984.999,1950.999,2006.000,2084.999,2130.998,2139.000,2114.996,2136.997,2125.999,2141.998,2179.995,2193.999,
Cameroon,NaN,2119.308,2130.506,2173.793,2177.347,2062.618,2138.115,2142.340,2209.330,2260.466,2272.814,2326.694,2366.660,2346.446,2464.751,2442.089,2392.810,2382.838,2357.474,2391.737,2356.735,2270.796,2274.102,2251.184,2177.609,2214.003,2285.654,2142.133,2097.614,2144.921,2147.792,2126.596,2229.445,2131.419,2142.408,2159.356,2144.071,2212.493,2216.394,2237.549,2233.272,2281.554,2324.209,2351.608,2361.657,2426.425,2468.132,2488.241,2552.546,2593.222,2773.999,2791.999,2824.999,2835.000,2774.999,2776.000,2773.001,2749.000,2780.000,2833.000,2812.000,2807.000,
Costa Rica,NaN,1953.015,1994.635,2003.490,2082.999,2147.221,2117.956,2069.145,2133.269,2158.574,2209.135,2265.296,2287.662,2311.610,2318.849,2356.270,2390.954,2409.099,2385.079,2417.912,2494.555,2425.370,2352.769,2448.297,2492.368,2567.075,2565.740,2601.045,2628.369,2644.265,2673.189,2656.776,2638.257,2673.622,2669.164,2697.433,2646.786,2658.816,2708.152,2760.302,2765.388,2773.204,2745.800,2737.443,2756.583,2815.676,2882.075,2872.790,2863.633,2866.594,2838.000,2839.002,2834.998,2843.993,2872.998,2884.999,2971.997,3006.994,3002.995,3020.002,3024.996,2989.001,
Congo (Kinshasa),NaN,NaN,NaN,NaN,NaN,NaN,NaN,NaN,NaN,NaN,NaN,NaN,NaN,NaN,NaN,NaN,NaN,NaN,NaN,NaN,NaN,NaN,NaN,NaN,NaN,NaN,NaN,NaN,NaN,NaN,NaN,NaN,NaN,NaN,NaN,NaN,NaN,NaN,NaN,NaN,NaN,NaN,NaN,NaN,NaN,NaN,NaN,NaN,NaN,NaN,2231.000,2251.000,2209.000,2179.000,2232.000,2192.000,2146.000,2188.000,2169.000,2159.000,2092.000,2096.000,
Croatia,NaN,NaN,NaN,NaN,NaN,NaN,NaN,NaN,NaN,NaN,NaN,NaN,NaN,NaN,NaN,NaN,NaN,NaN,NaN,NaN,NaN,NaN,NaN,NaN,NaN,NaN,NaN,NaN,NaN,NaN,NaN,NaN,2307.028,2225.787,2323.567,2483.980,2492.674,2470.290,2460.320,2491.465,2514.731,2701.694,2784.223,2835.765,2914.287,2952.628,3043.201,3051.478,3085.178,3035.570,2950.000,2980.001,2981.006,3056.997,2973.001,3042.992,3144.001,3089.002,3143.994,3183.001,3218.999,3259.001,
Colombia,2212.330*,2232.509,2243.933,2128.924,2175.064,2130.508,2067.193,2053.029,2059.901,2061.933,2089.038,2172.114,2196.605,2221.224,2305.572,2350.003,2484.247,2460.655,2543.321,2523.575,2594.079,2586.735,2583.406,2620.198,2591.944,2556.820,2545.812,2640.909,2591.915,2627.035,2618.472,2619.799,2688.977,2734.034,2760.621,2818.539,2803.431,2813.207,2772.832,2809.471,2827.392,2865.956,2834.398,2853.494,2836.679,2795.340,2839.170,2881.141,2892.698,2798.997,2799.000,2801.000,2893.000,2969.000,3002.000,3066.000,3079.000,3038.000,3071.999,3046.001,3086.000,3091.000,
Comoros,NaN,NaN,NaN,NaN,NaN,NaN,NaN,NaN,NaN,NaN,NaN,NaN,NaN,NaN,NaN,NaN,NaN,NaN,NaN,NaN,NaN,NaN,NaN,NaN,NaN,NaN,NaN,NaN,NaN,NaN,NaN,NaN,NaN,NaN,NaN,NaN,NaN,NaN,NaN,NaN,NaN,NaN,NaN,NaN,NaN,NaN,NaN,NaN,NaN,NaN,2399.956,2379.961,2383.951,2434.976,2433.976,2434.997,2491.970,2483.961,2473.962,2488.990,2482.006,2466.994,
Cyprus,NaN,2399.770,2330.812,2259.334,2456.511,2541.951,2600.000,2745.518,2830.888,3015.584,2928.171,2958.446,2735.486,2791.944,2396.387,2394.456,2341.467,2358.928,2435.655,2558.523,2475.469,2485.569,2660.709,2615.189,2700.107,2743.182,2621.214,2603.651,2528.503,2593.155,2615.676,2689.806,2754.554,2775.303,2787.185,2798.715,2702.135,2701.366,2707.123,2689.773,2661.218,2637.467,2632.086,2604.853,2594.137,2554.934,2540.949,2612.275,2619.538,2582.704,3005.992,2994.000,2980.010,2951.995,2932.982,2988.985,2963.978,2971.983,2979.990,3043.000,3035.000,3042.992,
Cape Verde,NaN,1663.915,1552.505,1464.132,1586.756,1623.476,1571.089,1589.339,1513.195,1602.019,1591.062,1608.133,1726.502,1743.179,1723.791,1764.073,1708.628,1691.279,2037.287,2062.031,1997.157,2137.011,2004.437,2248.818,2304.676,2167.778,2324.686,2519.709,2571.508,2386.140,2286.341,2191.488,2425.820,2365.340,2364.290,2235.558,2244.061,2272.172,2263.430,2247.074,2274.343,2289.988,2254.084,2348.156,2457.715,2446.312,2427.898,2468.223,2413.872,2410.947,2587.955,2580.961,2583.918,2566.957,2536.986,2519.004,2548.959,2557.959,2591.959,2598.968,2652.973,2636.928,
Chile,2356.529*,2356.573,2402.226,2510.108,2474.692,2466.815,2558.311,2539.424,2575.169,2575.069,2572.157,2645.788,2665.092,2519.158,2666.303,2440.026,2547.846,2501.089,2553.036,2591.780,2617.036,2634.335,2546.665,2487.162,2527.222,2438.899,2449.745,2452.407,2429.266,2471.889,2544.186,2580.681,2693.008,2704.175,2743.903,2760.435,2787.844,2800.810,2809.026,2816.528,2851.859,2889.251,2923.320,2915.953,2944.323,2938.258,2987.852,2963.842,2972.946,2919.239,2904.999,2933.001,2917.000,2968.999,2968.000,2954.999,2984.000,2987.000,3020.999,3048.001,3090.999,3128.001,
Canada,2835.714*,2810.273,2848.442,2904.041,2797.701,2924.029,2912.203,2944.526,2932.293,2991.102,2957.920,2911.278,2923.743,2962.625,2974.856,2879.969,3030.080,3006.468,2937.344,2932.096,2949.939,2896.943,2950.559,2905.338,2985.976,3041.892,3093.199,3150.887,3026.124,3046.312,3023.087,3041.266,3092.148,3122.853,3210.086,3208.610,3251.137,3385.215,3458.562,3500.867,3507.564,3499.220,3491.714,3514.945,3525.257,3479.000,3478.441,3496.094,3480.799,3456.290,3560.999,3595.999,3577.000,3551.999,3520.999,3526.001,3595.000,3593.001,3598.999,3580.999,3624.001,3589.000,
China,1477.432*,1427.198,1541.722,1591.771,1646.011,1766.466,1830.932,1789.119,1736.310,1712.092,1821.754,1828.441,1815.023,1886.904,1885.922,1905.757,1875.164,1916.523,2066.480,2081.524,2149.590,2165.769,2325.820,2395.646,2433.282,2433.717,2433.575,2453.120,2435.569,2428.500,2529.448,2456.713,2487.248,2574.607,2644.195,2733.827,2738.000,2767.314,2810.849,2801.475,2844.274,2849.521,2863.828,2863.633,2886.956,2908.321,2911.673,2947.341,3005.123,3021.103,3048.000,3094.000,3109.000,3105.000,3205.000,3240.000,3226.000,3261.000,3278.000,3304.000,3322.000,3406.000,
Bermuda,NaN,2758.349,2739.316,2693.895,2755.612,2721.818,2743.282,2697.205,2802.723,2807.303,2870.957,2799.848,2917.883,2818.872,2845.262,2754.936,2881.183,2772.789,2921.473,3024.197,3041.263,3081.921,3121.464,3156.782,3171.197,3239.251,3182.990,3185.004,3004.158,3009.224,2906.593,2893.414,3107.775,3095.519,2905.695,2995.343,2970.680,2873.191,2834.917,2729.477,2720.524,2663.365,2618.074,2550.168,2503.545,2561.829,2627.108,2701.603,2774.547,2785.641,NaN,NaN,NaN,NaN,NaN,NaN,NaN,NaN,NaN,NaN,NaN,NaN,
Botswana,NaN,2023.428,1957.270,2025.710,2064.031,2092.843,2076.177,2191.536,2292.675,2302.050,2381.166,2513.690,2518.951,2322.748,2145.391,2202.406,2150.806,2195.587,2038.578,2167.203,2089.396,2090.615,2107.412,2180.006,2298.929,2255.085,2251.278,2259.266,2272.778,2180.073,2286.239,2295.535,2271.700,2129.464,2246.262,2243.789,2268.329,2215.325,2126.615,2158.849,2113.733,2179.746,2127.302,2120.095,2186.183,2178.469,2113.533,2108.761,2104.224,2094.902,2417.993,2463.997,2475.001,2515.994,2549.997,2582.992,2544.001,2549.992,2530.999,2574.995,2583.996,2604.996,
Bhutan,NaN,NaN,NaN,NaN,NaN,NaN,NaN,NaN,NaN,NaN,NaN,NaN,NaN,NaN,NaN,NaN,NaN,NaN,NaN,NaN,NaN,NaN,NaN,NaN,NaN,NaN,NaN,NaN,NaN,NaN,NaN,NaN,NaN,NaN,NaN,NaN,NaN,NaN,NaN,NaN,NaN,NaN,NaN,NaN,NaN,NaN,NaN,NaN,NaN,NaN,NaN,NaN,NaN,NaN,NaN,NaN,NaN,NaN,NaN,3248.970,3263.992,3240.958,
Burkina Faso,NaN,1337.521,1317.430,1460.519,1562.012,1576.200,1563.928,1590.688,1605.509,1607.561,1549.674,1527.057,1463.955,1439.401,1467.309,1511.063,1569.059,1396.167,1568.762,1656.648,1539.192,1476.671,1632.635,1548.871,1501.055,1673.602,1973.128,1954.180,1950.182,2012.075,2118.956,2157.874,2219.993,2245.284,2280.295,2277.574,2283.362,2261.723,2237.455,2291.897,2264.376,2274.172,2346.818,2420.934,2428.248,2382.392,2470.654,2455.928,2496.400,2545.409,2604.998,2582.000,2641.999,2660.999,2647.999,2654.000,2644.999,2618.000,2654.999,2629.000,2675.000,2662.999,
Belarus,NaN,NaN,NaN,NaN,NaN,NaN,NaN,NaN,NaN,NaN,NaN,NaN,NaN,NaN,NaN,NaN,NaN,NaN,NaN,NaN,NaN,NaN,NaN,NaN,NaN,NaN,NaN,NaN,NaN,NaN,NaN,NaN,3036.608,3122.539,3048.811,3111.719,3195.750,3193.670,3133.075,3034.366,2912.608,2962.032,2897.944,2742.002,2819.853,2905.775,3004.454,3107.861,3124.206,3051.769,3100.001,3152.999,3224.999,3238.999,3262.000,3231.001,3226.000,3243.002,3242.999,3291.999,3333.998,3319.999,
Burundi,NaN,NaN,NaN,NaN,NaN,NaN,NaN,NaN,NaN,NaN,NaN,NaN,NaN,NaN,NaN,NaN,NaN,NaN,NaN,NaN,NaN,NaN,NaN,NaN,NaN,NaN,NaN,NaN,NaN,NaN,NaN,NaN,NaN,NaN,NaN,NaN,NaN,NaN,NaN,NaN,NaN,NaN,NaN,NaN,NaN,NaN,NaN,NaN,NaN,NaN,1503.000,1441.999,1440.000,1482.000,1594.998,1696.000,1748.000,1736.000,1786.999,1780.000,1770.000,1774.999,
Belgium,3040.000,3056.758*,3073.516*,3090.274*,3107.032*,3123.790*,3140.548*,3157.306*,3174.064*,3190.822*,3207.580*,3224.338*,3241.096*,3257.854*,3274.612*,3291.369*,3308.127*,3324.885*,3341.643*,3358.401*,3375.159*,3391.917*,3408.675*,3425.433*,3442.191*,3458.949*,3475.707*,3492.465*,3509.223*,3525.981*,3542.739*,3559.497*,3576.255*,3593.013*,3609.771*,3626.529*,3643.287*,3660.045*,3676.803*,3693.561*,3710.319,3744.002,3743.001,3710.729,3716.602,3712.827,3717.766,3721.470,3717.972,3717.756,3728.001,3732.999,3724.000,3738.000,3806.998,3816.998,3781.001,3792.000,3801.001,3849.001,3859.001,3892.001,
Brunei,NaN,1849.029,1887.207,1899.280,1899.612,1935.655,2106.591,2197.662,2067.208,2179.330,2079.431,2233.994,2156.105,2048.110,2076.591,2112.490,2151.751,2148.325,2408.051,2418.121,2625.969,2510.747,2573.713,2676.883,2759.233,2913.314,2702.241,2649.611,2789.478,2837.596,2751.161,2645.195,2775.620,2754.537,2840.017,2797.050,2881.473,2794.933,2823.886,2791.325,2780.776,2860.159,2914.617,2975.588,3000.388,2986.322,2988.420,2932.232,2933.868,2919.251,NaN,NaN,NaN,NaN,NaN,NaN,NaN,NaN,NaN,NaN,NaN,NaN,
Bulgaria,NaN,3158.331,3200.298,3266.776,3312.059,3394.251,3471.251,3433.166,3424.647,3443.660,3411.674,3483.544,3425.894,3422.646,3404.920,3447.083,3532.949,3444.012,3510.351,3531.298,3541.814,3621.395,3617.302,3604.966,3614.259,3613.308,3683.691,3710.460,3734.831,3653.271,3147.994,3049.138,3016.929,2937.548,2840.578,2855.149,2699.767,2637.732,2782.434,2845.034,2779.410,2781.001,2742.479,2718.438,2721.720,2676.931,2708.183,2678.734,2720.048,2716.153,2719.000,2727.001,2729.997,2793.000,2819.999,2728.998,2798.999,2813.000,2871.002,2870.998,2899.000,2951.003,
Benin,NaN,1678.009,1696.780,1641.616,1607.087,1743.223,1734.363,1761.617,1860.150,1798.860,1742.813,1818.776,1730.155,1808.731,1688.362,1541.346,1836.256,1780.616,1821.104,1919.845,1818.296,1777.391,1804.363,1693.039,1917.559,1907.033,1926.052,1766.512,1868.520,2050.090,2078.948,2152.298,2110.689,2108.099,2128.823,2180.953,2240.891,2233.860,2223.034,2218.008,2229.273,2303.110,2395.577,2362.092,2469.866,2444.735,2462.061,2581.564,2539.831,2584.151,2600.998,2624.999,2622.998,2628.000,2655.999,2635.997,2641.998,2641.999,2632.998,2686.999,2725.000,2767.000,
Bolivia,NaN,1568.742,1597.328,1644.525,1587.117,1668.827,1675.216,1727.478,1771.742,1753.767,1845.634,1894.936,1857.039,1780.901,1915.485,1981.482,1983.639,1937.792,1977.419,2007.724,1961.862,1942.656,1883.478,1803.107,1882.700,1980.040,1867.908,1893.189,1865.029,1934.703,1855.469,1939.730,1947.781,1940.097,1900.506,2050.548,2000.273,2014.942,1918.763,2008.745,2052.406,2064.641,2088.399,2107.561,2044.706,2100.970,2153.194,2157.163,2135.880,2120.624,2237.998,2256.000,2266.001,2274.999,2264.000,2323.000,2365.001,2360.999,2393.001,2419.001,2379.998,2360.999,
Bosnia and Herzegovina,NaN,NaN,NaN,NaN,NaN,NaN,NaN,NaN,NaN,NaN,NaN,NaN,NaN,NaN,NaN,NaN,NaN,NaN,NaN,NaN,NaN,NaN,NaN,NaN,NaN,NaN,NaN,NaN,NaN,NaN,NaN,NaN,2276.077,2416.667,2571.382,2474.680,2566.496,2699.333,2674.745,2652.506,2571.378,2684.361,2693.424,2639.078,2900.104,2878.990,2879.929,2957.829,3042.085,3059.344,3097.998,3110.997,3106.995,3150.997,3217.000,3287.993,3321.005,3294.005,3324.998,3341.992,3370.000,3369.992,
Belize,NaN,2150.756,2246.528,2299.827,2293.948,2298.876,2275.309,2318.354,2279.738,2260.883,2299.336,2340.482,2353.676,2352.497,2423.776,2453.248,2421.135,2451.314,2519.925,2535.839,2631.043,2650.993,2604.507,2494.881,2503.083,2497.415,2488.817,2586.672,2563.710,2497.535,2557.417,2582.133,2773.682,2742.749,2696.659,2738.348,2674.030,2670.695,2651.978,2631.493,2672.124,2722.453,2734.594,2742.165,2703.157,2733.717,2705.501,2687.908,2615.047,2647.108,2764.957,2724.950,2746.943,2723.960,2675.901,2718.894,2710.874,2760.912,2800.956,2864.978,2863.920,2848.950,
Bangladesh,NaN,2115.440,2085.861,2127.235,2109.671,2074.839,2067.731,1933.918,2037.800,2089.963,2159.843,2011.743,1860.307,1938.268,1995.861,1882.557,2024.337,1844.128,1981.318,2041.608,1988.489,1965.745,1995.744,2014.914,1991.466,2031.986,2036.152,2114.462,2096.590,2082.721,2115.696,2129.407,2132.986,2036.215,2033.389,2079.018,2091.123,2145.906,2215.368,2323.424,2313.748,2385.163,2362.422,2396.186,2423.967,2409.410,2409.255,2455.922,2427.817,2471.220,2388.000,2418.000,2430.000,2423.000,2441.000,2505.000,2441.000,2494.000,2564.000,2513.000,2570.000,2614.000,
Barbados,NaN,2493.706,2554.835,2626.851,2577.715,2562.579,2582.674,2767.848,2673.055,2670.845,2786.000,2987.659,2876.542,2945.003,2835.374,2781.607,2840.326,2846.244,2940.208,2831.450,2994.889,2984.943,2880.589,2928.519,2878.185,2872.700,3026.914,3091.933,3063.887,3123.714,3107.548,3012.790,2991.873,2923.146,2908.108,2874.552,2918.176,2989.925,2819.395,2962.257,2826.742,2862.946,2843.204,2875.036,2805.962,2936.343,2885.895,2954.601,2940.623,2964.237,3086.921,3051.878,3077.922,3063.967,3050.879,3087.833,3071.890,3042.902,3088.867,3136.854,3193.841,3173.955,
Bahamas,NaN,2340.614,2288.387,2276.627,2344.068,2364.871,2466.728,2414.771,2451.269,2460.555,2466.857,2447.077,2368.077,2296.430,2243.150,2191.427,2209.931,2073.487,2045.063,2125.366,2477.183,2356.813,2604.745,2554.365,2531.968,2581.756,2611.881,2601.813,2654.647,2635.747,2566.715,2464.672,2361.137,2275.794,2272.729,2369.420,2361.824,2452.865,2391.459,2472.755,2547.871,2541.553,2520.920,2507.425,2498.314,2504.757,2502.813,2490.816,2479.500,2518.926,2574.952,2562.959,2660.909,2612.932,2558.954,2544.955,2549.961,2566.955,2596.994,2551.981,2560.950,2572.937,
Brazil,2209.044*,2198.971,2261.863,2235.350,2300.107,2325.255,2322.111,2365.793,2449.434,2425.484,2397.266,2417.691,2387.966,2374.925,2467.923,2477.997,2508.169,2543.131,2583.803,2691.158,2685.901,2589.424,2631.853,2586.662,2586.821,2618.233,2672.076,2677.811,2673.177,2718.911,2699.904,2755.585,2747.844,2748.966,2790.911,2784.066,2811.861,2826.540,2826.848,2840.554,2857.587,2871.814,2909.441,3052.284,3070.120,3067.201,3084.741,3093.261,3163.051,3149.292,3258.000,3300.000,3249.000,3258.000,3299.000,3243.000,3223.000,3237.000,3275.000,3281.000,3252.000,3299.000,
Bahrain,NaN,NaN,NaN,NaN,NaN,NaN,NaN,NaN,NaN,NaN,NaN,NaN,NaN,NaN,NaN,NaN,NaN,NaN,NaN,NaN,NaN,NaN,NaN,NaN,NaN,NaN,NaN,NaN,NaN,NaN,NaN,NaN,NaN,NaN,NaN,NaN,NaN,NaN,NaN,NaN,NaN,NaN,NaN,NaN,NaN,NaN,NaN,NaN,NaN,NaN,NaN,NaN,NaN,NaN,NaN,NaN,NaN,NaN,NaN,3481.988,3535.981,3488.010,
Austria,3156.635*,3194.855,3197.492,3253.940,3276.385,3226.692,3236.450,3193.293,3221.081,3158.796,3227.209,3241.394,3214.193,3295.727,3206.044,3159.446,3265.935,3207.880,3223.944,3291.925,3358.305,3340.780,3390.888,3359.507,3364.751,3380.196,3436.591,3429.313,3432.484,3483.298,3506.008,3542.410,3526.184,3493.232,3558.181,3526.654,3573.738,3514.574,3622.993,3680.638,3730.454,3732.343,3657.879,3618.731,3615.614,3645.294,3723.151,3744.334,3726.321,3735.968,3786.001,3834.999,3823.999,3797.999,3755.002,3734.999,3716.000,3754.001,3754.997,3814.001,3777.000,3818.998,
Afghanistan,NaN,3054.905,2973.247,2751.780,3013.442,3017.760,2794.869,3033.911,2980.137,3000.585,2595.984,2582.040,2742.131,2812.840,2805.366,2841.326,2910.758,2557.014,2673.898,2675.619,2615.599,2886.778,3105.811,3104.956,2837.455,2635.427,2583.639,2922.550,2670.664,2586.984,2538.198,2399.118,2166.173,2069.747,1941.224,1975.075,1983.962,2003.807,2006.301,1921.622,1886.357,1883.395,1930.580,1931.341,2005.870,1983.894,1980.531,2081.204,2087.709,2105.521,2208.000,2179.000,2173.000,2211.000,2276.000,2257.000,2245.000,2311.000,2264.999,2228.000,2266.000,2198.000,
Albania,NaN,2097.246,2108.044,2022.069,2122.061,2101.707,2096.497,2099.231,2167.474,2218.049,2222.055,2167.611,2189.406,2227.977,2283.271,2284.017,2455.251,2548.103,2475.160,2410.476,2413.632,2503.057,2508.788,2654.921,2607.415,2489.202,2652.148,2508.046,2652.018,2664.344,2686.404,2694.999,2769.087,2893.468,2955.606,2777.911,2903.543,2789.721,2803.251,2892.668,2839.658,2920.666,2992.776,2902.854,2931.818,3028.819,3022.883,3042.503,3151.984,3218.144,3255.998,3295.988,3345.999,3341.990,3317.000,3329.998,3364.995,3376.999,3351.990,3374.996,3349.000,3399.000,
Angola,NaN,1671.005,1696.642,1735.585,1752.638,1777.994,1805.068,1852.598,1807.545,1909.437,1931.857,1960.498,1901.477,1840.698,1785.683,1753.716,1768.124,1816.382,1840.464,1808.533,1803.347,1726.611,1609.229,1582.373,1528.150,1533.601,1483.050,1459.086,1421.828,1393.494,1433.647,1403.419,1415.386,1364.123,1434.070,1467.852,1498.567,1489.731,1497.883,1536.622,1522.112,1556.390,1627.562,1687.225,1727.830,1766.591,1799.470,1840.790,1895.438,1936.623,2422.999,2489.999,2438.999,2518.999,2553.000,2472.000,2430.001,2451.000,2451.999,2427.000,2397.000,2388.999,
Algeria,1598.923*,1613.749,1577.890,1549.262,1573.370,1641.082,1634.471,1723.606,1796.017,1805.596,1783.675,1840.401,1986.301,1994.900,2143.913,2203.182,2147.546,2295.998,2436.836,2541.634,2666.729,2698.007,2668.546,2648.159,2588.399,2697.305,2702.362,2702.380,2769.617,2836.235,2831.913,2812.488,2949.263,2949.174,2843.703,2866.852,2866.638,2813.570,2875.536,2930.120,2898.291,2973.781,3012.709,3057.751,3074.360,3048.141,3144.686,3140.610,3149.872,3214.882,3242.999,3349.999,3363.999,3442.000,3437.000,3425.000,3457.000,3395.000,3392.000,3478.000,3506.000,3496.001,
Azerbaijan,NaN,NaN,NaN,NaN,NaN,NaN,NaN,NaN,NaN,NaN,NaN,NaN,NaN,NaN,NaN,NaN,NaN,NaN,NaN,NaN,NaN,NaN,NaN,NaN,NaN,NaN,NaN,NaN,NaN,NaN,NaN,NaN,2259.668,2185.013,2118.456,2094.111,2195.844,2001.278,2103.953,2170.585,2261.844,2346.085,2433.919,2526.133,2610.881,2806.440,2972.263,2982.137,2985.081,2951.114,2943.999,2969.997,2985.001,2986.001,2986.000,3003.999,3025.999,3087.001,3152.999,3268.997,3343.999,3383.999,
Armenia,NaN,NaN,NaN,NaN,NaN,NaN,NaN,NaN,NaN,NaN,NaN,NaN,NaN,NaN,NaN,NaN,NaN,NaN,NaN,NaN,NaN,NaN,NaN,NaN,NaN,NaN,NaN,NaN,NaN,NaN,NaN,NaN,2107.286,2045.972,2126.881,2201.829,2231.457,2234.973,2228.683,2208.047,2170.706,2186.734,2216.774,2394.065,2520.887,2639.760,2735.602,2747.769,2862.822,2822.519,3147.994,3157.996,3148.991,3202.004,3217.992,3213.991,3184.999,3132.990,3176.997,3229.996,3218.000,3216.999,
Antigua and Barbuda,NaN,1962.889,2145.575,2023.809,2137.521,2234.513,2184.967,1970.633,2017.407,2062.638,2256.105,2205.705,2026.193,1964.580,1932.541,2000.421,1958.570,1867.380,1820.485,1916.959,2125.657,2199.195,2063.253,2102.589,2303.737,2222.383,2223.166,2217.669,2326.990,2424.211,2414.580,2466.247,2479.049,2345.366,2251.941,2174.664,2195.740,2186.290,2195.870,2221.337,2233.915,2160.849,2143.597,2148.038,2188.259,2422.076,2388.165,2468.751,2429.534,2361.933,2327.457,2367.481,2410.505,2442.669,2402.677,2409.518,2395.603,2434.653,2474.622,2454.814,2427.686,2407.768,
Argentina,3150.191*,3146.790,3118.215,3068.878,3112.205,3217.688,3171.267,3244.017,3288.047,3323.843,3352.039,3193.343,3081.533,3033.387,3221.778,3283.489,3210.486,3191.918,3244.460,3216.570,3232.944,3207.845,3067.007,2995.889,3039.573,3120.439,3032.694,3099.823,3014.111,2959.389,2909.871,3007.203,3072.666,3110.026,3146.795,3152.762,3144.821,3121.072,3152.158,3252.704,3245.246,3194.218,2956.803,2984.776,2999.826,3073.401,3075.517,3102.007,3111.127,3081.165,3078.000,3071.000,3101.000,3132.000,3170.999,3226.001,3168.000,3195.001,3238.001,3270.000,3308.000,3340.999,
